# Resource object code (Python 3)
# Created by: object code
# Created by: The Resource Compiler for Qt version 6.8.2
# WARNING! All changes made in this file will be lost!

from PySide6 import QtCore

qt_resource_data = b"\
\x00\x00\x1c\x05\
<\
svg xmlns=\x22http:\
//www.w3.org/200\
0/svg\x22 xmlns:xli\
nk=\x22http://www.w\
3.org/1999/xlink\
\x22 width=\x22303\x22 zo\
omAndPan=\x22magnif\
y\x22 viewBox=\x220 0 \
227.25 284.24998\
3\x22 height=\x22379\x22 \
preserveAspectRa\
tio=\x22xMidYMid me\
et\x22 version=\x221.0\
\x22><defs><g/><cli\
pPath id=\x22a8f136\
2290\x22><path d=\x22M\
 0 0.09375 L 226\
.503906 0.09375 \
L 226.503906 283\
.410156 L 0 283.\
410156 Z M 0 0.0\
9375 \x22 clip-rule\
=\x22nonzero\x22/></cl\
ipPath><clipPath\
 id=\x229fe1554820\x22\
><path d=\x22M 153 \
50 L 226.503906 \
50 L 226.503906 \
128 L 153 128 Z \
M 153 50 \x22 clip-\
rule=\x22nonzero\x22/>\
</clipPath><clip\
Path id=\x22b830149\
3fd\x22><path d=\x22M \
141 0.09375 L 22\
6.503906 0.09375\
 L 226.503906 86\
 L 141 86 Z M 14\
1 0.09375 \x22 clip\
-rule=\x22nonzero\x22/\
></clipPath></de\
fs><g clip-path=\
\x22url(#a8f1362290\
)\x22><path fill=\x22#\
de3b38\x22 d=\x22M 28.\
3125 0.09375 L 1\
41.5625 0.09375 \
L 184.035156 42.\
59375 L 226.5039\
06 85.089844 L 2\
26.503906 255.07\
4219 C 226.50390\
6 256.003906 226\
.457031 256.9296\
88 226.367188 25\
7.851562 C 226.2\
73438 258.777344\
 226.140625 259.\
691406 225.95703\
1 260.601562 C 2\
25.777344 261.51\
1719 225.550781 \
262.414062 225.2\
85156 263.300781\
 C 225.015625 26\
4.1875 224.70312\
5 265.0625 224.3\
47656 265.917969\
 C 223.992188 26\
6.773438 223.597\
656 267.613281 2\
23.160156 268.42\
9688 C 222.72265\
6 269.25 222.246\
094 270.042969 2\
21.730469 270.81\
6406 C 221.21484\
4 271.585938 220\
.664062 272.3320\
31 220.074219 27\
3.050781 C 219.4\
88281 273.765625\
 218.867188 274.\
453125 218.21093\
8 275.109375 C 2\
17.554688 275.76\
5625 216.867188 \
276.386719 216.1\
52344 276.976562\
 C 215.433594 27\
7.566406 214.691\
406 278.117188 2\
13.917969 278.63\
2812 C 213.14843\
8 279.148438 212\
.355469 279.625 \
211.535156 280.0\
625 C 210.71875 \
280.5 209.882812\
 280.894531 209.\
023438 281.25 C \
208.167969 281.6\
05469 207.296875\
 281.917969 206.\
410156 282.1875 \
C 205.519531 282\
.457031 204.6210\
94 282.683594 20\
3.714844 282.863\
281 C 202.804688\
 283.042969 201.\
886719 283.17968\
8 200.964844 283\
.269531 C 200.04\
2969 283.363281 \
199.117188 283.4\
0625 198.191406 \
283.40625 L 28.3\
125 283.40625 C \
27.386719 283.40\
625 26.460938 28\
3.363281 25.5390\
62 283.269531 C \
24.613281 283.17\
9688 23.699219 2\
83.042969 22.789\
062 282.863281 C\
 21.878906 282.6\
83594 20.980469 \
282.457031 20.09\
375 282.1875 C 1\
9.207031 281.917\
969 18.335938 28\
1.605469 17.4765\
62 281.25 C 16.6\
21094 280.894531\
 15.785156 280.5\
 14.964844 280.0\
625 C 14.148438 \
279.625 13.35546\
9 279.148438 12.\
582031 278.63281\
2 C 11.8125 278.\
117188 11.066406\
 277.566406 10.3\
51562 276.976562\
 C 9.632812 276.\
386719 8.949219 \
275.765625 8.292\
969 275.109375 C\
 7.636719 274.45\
3125 7.015625 27\
3.765625 6.42578\
1 273.050781 C 5\
.839844 272.3320\
31 5.285156 271.\
585938 4.773438 \
270.816406 C 4.2\
57812 270.042969\
 3.78125 269.25 \
3.34375 268.4296\
88 C 2.90625 267\
.613281 2.511719\
 266.773438 2.15\
625 265.917969 C\
 1.800781 265.06\
25 1.488281 264.\
1875 1.21875 263\
.300781 C 0.9492\
19 262.414062 0.\
726562 261.51171\
9 0.542969 260.6\
01562 C 0.363281\
 259.691406 0.22\
6562 258.777344 \
0.136719 257.851\
562 C 0.046875 2\
56.929688 0 256.\
003906 0 255.074\
219 L 0 28.42578\
1 C 0 27.5 0.046\
875 26.574219 0.\
136719 25.648438\
 C 0.226562 24.7\
26562 0.363281 2\
3.808594 0.54296\
9 22.898438 C 0.\
726562 21.988281\
 0.949219 21.089\
844 1.21875 20.2\
03125 C 1.488281\
 19.3125 1.80078\
1 18.441406 2.15\
625 17.585938 C \
2.511719 16.7265\
62 2.90625 15.89\
0625 3.34375 15.\
070312 C 3.78125\
 14.253906 4.257\
812 13.457031 4.\
773438 12.6875 C\
 5.285156 11.914\
062 5.839844 11.\
171875 6.425781 \
10.453125 C 7.01\
5625 9.734375 7.\
636719 9.050781 \
8.292969 8.39453\
1 C 8.949219 7.7\
38281 9.632812 7\
.113281 10.35156\
2 6.527344 C 11.\
066406 5.9375 11\
.8125 5.386719 1\
2.582031 4.87109\
4 C 13.355469 4.\
355469 14.148438\
 3.878906 14.964\
844 3.441406 C 1\
5.785156 3.00390\
6 16.621094 2.60\
5469 17.476562 2\
.25 C 18.335938 \
1.898438 19.2070\
31 1.585938 20.0\
9375 1.316406 C \
20.980469 1.0468\
75 21.878906 0.8\
20312 22.789062 \
0.640625 C 23.69\
9219 0.457031 24\
.613281 0.324219\
 25.539062 0.230\
469 C 26.460938 \
0.140625 27.3867\
19 0.09375 28.31\
25 0.09375 Z M 2\
8.3125 0.09375 \x22\
 fill-opacity=\x221\
\x22 fill-rule=\x22non\
zero\x22/></g><g fi\
ll=\x22#ffffff\x22 fil\
l-opacity=\x221\x22><g\
 transform=\x22tran\
slate(28.312809,\
 205.071434)\x22><g\
><path d=\x22M 53.7\
5 -39.953125 C 5\
3.75 -36.191406 \
52.890625 -32.83\
2031 51.171875 -\
29.875 C 49.4609\
38 -26.914062 47\
.007812 -24.625 \
43.8125 -23 C 40\
.625 -21.382812 \
36.832031 -20.57\
8125 32.4375 -20\
.578125 L 17.921\
875 -20.578125 L\
 17.921875 0 L 5\
.6875 0 L 5.6875\
 -58.46875 L 31.\
9375 -58.46875 C\
 38.925781 -58.4\
6875 44.304688 -\
56.851562 48.078\
125 -53.625 C 51\
.859375 -50.4062\
5 53.75 -45.8476\
56 53.75 -39.953\
125 Z M 41.4375 \
-39.75 C 41.4375\
 -45.894531 37.8\
125 -48.96875 30\
.5625 -48.96875 \
L 17.921875 -48.\
96875 L 17.92187\
5 -30 L 30.89062\
5 -30 C 34.26562\
5 -30 36.863281 \
-30.832031 38.68\
75 -32.5 C 40.51\
9531 -34.175781 \
41.4375 -36.5937\
5 41.4375 -39.75\
 Z M 41.4375 -39\
.75 \x22/></g></g><\
/g><g fill=\x22#fff\
fff\x22 fill-opacit\
y=\x221\x22><g transfo\
rm=\x22translate(84\
.957309, 205.071\
434)\x22><g><path d\
=\x22M 57.765625 -2\
9.671875 C 57.76\
5625 -23.640625 \
56.582031 -18.37\
5 54.21875 -13.8\
75 C 51.863281 -\
9.382812 48.5195\
31 -5.945312 44.\
1875 -3.5625 C 3\
9.863281 -1.1875\
 34.910156 0 29.\
328125 0 L 5.687\
5 0 L 5.6875 -58\
.46875 L 26.8281\
25 -58.46875 C 3\
6.671875 -58.468\
75 44.285156 -55\
.984375 49.67187\
5 -51.015625 C 5\
5.066406 -46.054\
688 57.765625 -3\
8.941406 57.7656\
25 -29.671875 Z \
M 45.453125 -29.\
671875 C 45.4531\
25 -35.953125 43\
.820312 -40.7421\
88 40.5625 -44.0\
46875 C 37.30078\
1 -47.347656 32.\
640625 -49 26.57\
8125 -49 L 17.92\
1875 -49 L 17.92\
1875 -9.46875 L \
28.28125 -9.4687\
5 C 33.539062 -9\
.46875 37.71875 \
-11.273438 40.81\
25 -14.890625 C \
43.90625 -18.515\
625 45.453125 -2\
3.441406 45.4531\
25 -29.671875 Z \
M 45.453125 -29.\
671875 \x22/></g></\
g></g><g fill=\x22#\
ffffff\x22 fill-opa\
city=\x221\x22><g tran\
sform=\x22translate\
(146.287632, 205\
.071434)\x22><g><pa\
th d=\x22M 17.92187\
5 -49 L 17.92187\
5 -30.921875 L 4\
7.8125 -30.92187\
5 L 47.8125 -21.\
453125 L 17.9218\
75 -21.453125 L \
17.921875 0 L 5.\
6875 0 L 5.6875 \
-58.46875 L 48.7\
65625 -58.46875 \
L 48.765625 -49 \
Z M 17.921875 -4\
9 \x22/></g></g></g\
><g clip-path=\x22u\
rl(#9fe1554820)\x22\
><path fill=\x22#d1\
3532\x22 d=\x22M 226.5\
03906 127.019531\
 L 153.171875 79\
.707031 L 189.83\
5938 50.101562 L\
 226.503906 85.0\
89844 Z M 226.50\
3906 127.019531 \
\x22 fill-opacity=\x22\
1\x22 fill-rule=\x22no\
nzero\x22/></g><g c\
lip-path=\x22url(#b\
8301493fd)\x22><pat\
h fill=\x22#d56c6f\x22\
 d=\x22M 141.5625 0\
.09375 L 141.562\
5 56.757812 C 14\
1.5625 57.683594\
 141.609375 58.6\
09375 141.699219\
 59.535156 C 141\
.792969 60.45703\
1 141.925781 61.\
375 142.109375 6\
2.285156 C 142.2\
89062 63.195312 \
142.515625 64.09\
375 142.78125 64\
.980469 C 143.05\
0781 65.871094 1\
43.363281 66.742\
188 143.71875 67\
.597656 C 144.07\
4219 68.457031 1\
44.46875 69.2929\
69 144.90625 70.\
113281 C 145.343\
75 70.929688 145\
.820312 71.72656\
2 146.335938 72.\
496094 C 146.851\
562 73.269531 14\
7.402344 74.0117\
19 147.992188 74\
.730469 C 148.57\
8125 75.449219 1\
49.199219 76.132\
812 149.855469 7\
6.789062 C 150.5\
11719 77.445312 \
151.199219 78.07\
0312 151.914062 \
78.65625 C 152.6\
32812 79.246094 \
153.375 79.79687\
5 154.148438 80.\
3125 C 154.91796\
9 80.828125 155.\
710938 81.304688\
 156.53125 81.74\
2188 C 157.34765\
6 82.179688 158.\
183594 82.578125\
 159.042969 82.9\
33594 C 159.8984\
38 83.289062 160\
.769531 83.59765\
6 161.65625 83.8\
67188 C 162.5468\
75 84.136719 163\
.445312 84.36328\
1 164.351562 84.\
542969 C 165.261\
719 84.726562 16\
6.179688 84.8632\
81 167.101562 84\
.953125 C 168.02\
3438 85.042969 1\
68.949219 85.089\
844 169.875 85.0\
89844 L 226.5039\
06 85.089844 Z M\
 141.5625 0.0937\
5 \x22 fill-opacity\
=\x221\x22 fill-rule=\x22\
nonzero\x22/></g></\
svg>\
\x00\x00':\
(\
\xb5/\xfd\xa0\xdf\x03\x01\x004!\x00\x8a@\x5c\x0a\x22\
 \x91s\xc3\xf0\xc62bA\xf1_>[\xe1H\xc5\
cl`\x07\xa7\xdc\x94\x94\x94\xc4\x96\x01\xdc\xbf\x02\x10\
\x02\x83\xbf\x00\x99\x00\x92\x00o\xb1\x12\x88E\x84!\xf7\
X\x91\xe4t@\x11\xb4\x1a\x07CC\x22PKU\xec\
\xb3\xf31}\xf4TD\xd6\xec\x8a\x81\xb3o\x91\xa1j\
\xb0\xa8:\x8e[8F&\xab\x91<\xaa2A\x1e,\
\x0fF\xc4\xe0\xe0A18\xb8L\x1c\x89\xc1\xc1:\x86\
\xd1s\x91\x9c\xc9q2\x14\x85\xe4i\xc8\xac&z&\
\x08\xc4\x14q,\x17\x04gCr.\x8edQ\x8bs\
\xaaP\x1e\xa7\xa2V\xff\xff6\xa6\xaf\x9c]\x9d\xba\xd5\
d\xa2\x04\x8c\xf3l\xa8\xc51y \x0a$c5\x10\
\xe4A\x02!dDQ\x87Z\xbb\x88\xab\xa9L\x92\x07\
\xa3\xd6\xe3\xff\xf1\x02z02\x05\xebqw\xf9\xa0H\
\x11S\x0c\xc3`0\x8fG\x81e\x9a*\xab\xb9@\x18\
\x19\x19E\xd9\xb8\x18\x04\x11\x88%Bcz\xa0\x09\xe4\
d\xcd\xd5dF-G\x0e\xb5\x04V\xdb\xff\xdd\x1d\x81\
\x1a\xe8\xc6\xa7\x06\xfeX[\xd9\x05d\x1ei\xca\x90\xa2\
\xc9\x05\x82H\x12\x14\xb5\xb4\xfd\x0f\xef\xd8\xad\x063j\
\x82\x9cG\x02\x91\x16$\x88s\x0a\xcd\xddV\x99\xba\xae\
\xb6d\xed\x92!\xa22kLv\xdf8\x9f\xb5\xef_\
\xff\xb3\xf4\xefo\xdd\xac)dKv\xf9\xca\x18U3\
\xb2'g\x1f;T\x9c\xe8\xed\xd8r\xa2\xa7\x22k\xb5\
\xab\xc9\xc8\x8e]\xa1^\xbbd\xa9\x9a;3Y\xaf\xa3\
\xf2\xbe\xb3[W\x0a\xbb\xfe\xaa\x8c\xd5\xf5\xd9\x8fe\x06\
\x8e\xdf\xae\xe8\xed\x18\x1b\xb9;\xfb\xf0\x9e\x9b\xf7\xf6)\
\xaf\xea\xea7\xef\xcf\xc5\xdd\xd7l-\xd7\xd7}\xbb\x9b\
6#c6E\xc7\xfbN\xd4l\xbc~w\xed\xa6\xdc\
t5\xef\xb9!k\x9b\xa8\xfc\x9e\xd9\x8f\xc7\xce\xd9\xac\
\x8e\xc7\xad\xf9isl\x88\xcd\xad\x9c\x9b\x9a\xe8M{\
7U\xb1\x19\xef\xd8\xfa!\xb2v\xde>\x7f\xac\xc9\xb9\
L&\x11\x80n\xf3w\xc6\xc9\xdf\xff\xcf\x1e\xc0\xd3\xfd\
\x1bs\x0c\xb0\xa0H\xab\x91\x22\x8c(\xb2p5\x1c\xd3\
\x13\x11(K4]p\xd2\xfd\x11\xf7\xdet.\x13\x90\
\x83\x13\xfb\x87\xb9\xdd\xbf\xbb\xb8\xee\xd8zy=\x15]\
\x15=\x155\xff\xda\xb1\x5c\xc7Nn\xfa\x9d\xee\xec\xcc\
\xec\xf8\xbd\xac\x97\xbc\xfd\xaf\x8f\x87|\xa8\xba\xad\xe1\x1d\
\xfbl\xee\x96\xbe\x8f\xb9\xb8\xcf\xae\xed\x8e!\x22\xb7\xbb\
\xae\x7fv\xd3o\xee\xceM\x9f\xbd\x1b\x9d\x93\x13[\xa2\
^\xfa\x9e\xb7j\xb6\xb6\xf3>3\xb2\xd3\xfdgv\xc7\
\xdcL\xcd}W\xef\xfd\xc6\x99\xa7\xed/?\xfb\xb6\xf3\
\xba\x91\x9dQ\x7f\x8f\xf7\x94_\xb3\xe9\xb3\xa3\xfb\xfd\xb1\
\xc7\xd4\xc6\xf5\xe6-\x80\xbe\xa8\xd1\x182\x0cS33\
R\x90\x14*\xad\x01p\x8a\x08\x8d\x157\x121\x8aD\
0\x0e!\x11\x0c\xe1\xc0\x02\xadH\xfc+\x11\xf3\x01\xc8\
-\x93\xf2y\xf4\xf6\x1db\xc2\x84\x0e\xdb\xc9k\x19C\
\xa0\xfd@\x1fi\xd1/`\xb5\x1aZv\xf0.\x82\x07\
\x07\xf4\x11.\x89/\x9dr(\xa1b\x9f\x0a\x05\xccs\
\xfa<f)\xf5\xde\xd2`4\xd6\xca\x17\xb6\x8f\xbd\xf9\
P\x89\xcb\xc5\x9bD\xdc\xa1\x18\x12\x0e\xc7\x8d\x15}\x12\
\x17Q\xa9\x9c\xdf#\x0e\xe4\x03\x22\xabB\x076\xd8\x87\
?\xd6dQX\xe9|\xe7\xa4\x09\xe0\xe3\xf0.\x99A\
\x12\xbe`\xfd@h}\xfd\xb5\x9aLx\xca0Pf\
\xfcqC\x14\x0b\x22h\x9ad3\xda\xc7\x12\xb1O8\
\x9aA\xe9l\xae\x11\xd0/\x84._\x98G\x8f\x94\x84\
0a\x04%\xablL\xd5\x82\x0b\x87\x09\xfe=2\x92\
\xb5d\xbf\x86[\xa2\xd7\xbe\x99Cs\x1d\xa0\x11\xd2\xd2\
@:.0>\x96\x9d\xb6\xdc\xaeh\xc3\x11\xccD\x02\
sbq\xed\xc7\xbcY\xd2\xf0\xac\xf5\xc7\xd0\xa8#\x92\
\xa6sh|\xc3\x05>\xa6\x97\xd8A\x09V\xb6\x10\x1d\
\x8a\xe6\x94\x00\x047\x96\xe0\xd8\xc77\x07W[\xda\x19\
9\xf7\xc5\x80\x98\x84\x14\x0a\xba\x19\xd8,X\x1a\x8a&\
\xe6.q\x0a\xcc@\x10\xdd\x89I-\x90\xb2\x95\xac-\
heu\x0f\xd4G\xab\xf1\xa5\xd7\x88\x0a#\xd9\xf3H\
\x88c\xff\x03E%\x7f)\xca\xde'\xb4f1\xee\xab\
\x05\x07\x15\x91\xach\x91\xff/\x92\xf6\xfe\x04\x12\x89\xa1\
\x01\xda\xc5o\x08\x0e\x0a):K'\x93(V\xc8Y\
\x0d\xdc\x13\x00\xc6\xb7e\x0a\xb0\xb5\x03\xa1\xa5p[\x9c\
$\xc3b\x00a\x00b\x00\xb5{\x87\x08o\xdc\xf2\x88\
\xb8\x1d6\x84D\xc6\x9a\xb1\xb0\x9bi\xf0\xfd\xb0\x0f\x12\
\x80h\xc2X\x03\xa7vxwWQ(9Y\xbb\xcb\
:T\x88\x11\x95\xc8\x98p\xf2\x0b\x90!0h\x82\x9e\
q\xfc\x89^!dp\xcc\x08\xc7\xb2\x06N\x18U$\
\xf9\x9a\x86\x83\x19\xbdf\xf2\xc2\x97\x10\x08E\xb0\x0d\xf7\
\x1a\xdb\x17\xa6\xd2.h6\xe1\x01|C\x1f\xc0-\x81\
\x96\xe7\x92\xb3\x17\xce\x91\x09\x9e\x11\xa61\x9b\xbe\x0c\xd1\
M\x85\xec\xf7\x95\x1c\x15&\x0dA\x11\x80\xc5A\xee\xe1\
\x96E\xa6A\x9a\xf5$\xb4\xd3'\x1ed+\x1esj\
\x8a0R\xf9\x08\x8c\x18S9\xfd4\x0c\xbbv\xa1C\
\xc6a>\x85\x98#J\x08\xdf@}\xf2b\x96\xbdP\
\x09\x94\x17\x87\x97\xb0\x04.\x5c*\x0d!\x1cf\x8f\x0b\
!P\xc6\x95\xd4\x09`\xf2\xd8\xdf\xef6Ww\xe85\
\x5c\x8f mh\xa6\x22q\xa7\xc1 \x97\xc9\xe56c\
\x95\x8c\x19\x06)\x00\x99\xa3L0F\xee\xcf\xd5R!\
\x9f\x85X\xa2\x9c\x90Ub1\xc1\xf0w\x8d\x1az\x11\
\x08\x0c\xdb&\x8fdx\x19\xa1\xa2\xe11v\xc4\xf0\x0d\
\xf1\xd1\xa4\x8a\xf3\xa1S9\xc4\xb8\xba\xad\x05\xf2\xa2\xf3\
xK\xc9d\xe21\x969\x92\xd1K\x91\xb9\xb3\xbf\x8a\
DT\x09@([\x90J\xe7\x93\xd1_y.\x18\xa2\
&\xfd\x89O\x5c(\x8eF\x11\x16w\xd0/\x96U&\
\xef\xf7L\xe5\x94k|C*\x8b\xe1\x14a\x9a\x85\xc4\
\xbco`\xcd>\x04\xc2\x0d\x0b\x99$2\xbb\x83\x1c/\
\xf6\x1e\x9a\x07Wv\xa9\xb0\x82X\x97'\x04\x80\xbf\xa8\
0D`$e\x07P-3\xc9p\x12@\x10`\x10\
@\x10\x9c\xa0\x81\x0a\xc8R\xf8\x7f\xbe\x07\x13\x22\xbb\xa1\
\xdf\x07a\xe1y\x88_\x01>YI\xa97\xac\x92\x7f\
\xf0?\xf8>\xa4\x00q\x85\xf0\xc7\xda!\x83U\xca\xdf\
:~tzU\xd0\xcd\xe7\x10\xd2\xeb9\xeb\xf5\x14\xc6\
\xbfl\xb3\x08\x87bw\xe4\xfb\x03:>\xfdO!\xcc\
\x00\xba\xb05\x11\xf9\xf3\x914\x85\xa6\x09\x11D\xfdJ\
\x80\x0d?\x0c\xff\xc4\xb8\x9e}\xddo\xd7\xc3`\x13\x80\
\x90\xe5Q\x9f\x8b\xaf\x17>/\xc4\x14\xa0\xe2\x010g\
#\x00\xd5k\x02\xa2\x19\xe9\xfb\xdc6~\xe3\xc3\xecI\
\xfaN\xe3`K1\x0d\xd1N~\xa7E\xc8\x18\x1e\xb4\
b\xf5\x01\xa5\x8f\x01\xfa\x16\x92\xc0\xc4?\x87\x9fx\xfa\
%\xe0\xc4K\xcc\x02\x22\xbe\x935\xb5X6@\x0a\xb5\
`\x1d\xfb\xc2\xff\x96\xc9[\xfd\x1c\xbe\xee{\xd7\x03\x1c\
&\x00;p`\x0c\xc5\x00\xc5\x00\xc4\x00\xbf\x8cf!\
,\xcf\xd3G\x90\x87\x8cLp\xacO\x9dy\x19<\x9c\
'\x80-\x14:Q\xeb\x05\x99T\xba\x99\xc9\xa41&\
e\x1c\x0c$\xb9\x09\xd2\x9c\xe0nv\xf0\xc4C\x1f\x86\
\x0a@\x17\x86)\xc2\xd4A\xc1\xe1I\xa6\x90\xfb\xb6L\
\xc2\x5c{\x1b212\x9fB\xdeE\x05\x82\x88\x7f\x03\
E\xf6\xfc\x14\xf3)\x13\x13.\x87\x97\x88\xee1\x99\x89\
\xd4\xee?K\xe1{\xe4\x91\x86\xf9\x01\xfc]\x10\x19k\
\x0e\xaa\xfd\xe8\xf8~\xa4\xc0\xa9\x82\xc4\x1aH]\xa5c\
V\xe93'\x99\xf3j\x04\xe0MS\x035\xb2\xb9\xfd\
B9\x0c\xeaD\xc8E\xe2>\xc2\xcceh\x81\xf1\x84\
`\x09iNn\xc4\x11.#\xb3\x22\x0a\xe5\x1aQD\
\x84*\xe7\x83\xe6\xbd\x04*\x81\x81cM\x5c&|f\
\x11Q\x99L\x9c\x8f\x08\x02\x97\x10\xfcR4s\xbb\x13\
AQQhLg:\x9c\x85\x00\xc2$\xb0\xd4%.\
\x13\x97K\xb6^L\xfa\x8e\x00\x1c\x11v\x5c\x1c\xeb\x1c\
a\xc2(\xc2\xacN\xe5\x84\xa8L\x0eI\x08$)r\
\x8d\xe3Z`D\x9eP\x84\xd9\x87\xf3Z\x81\x7f\xa5N\
\x04\xc5\xd7M8%0\xc6\x8bOJ\x84fDv9\
\x89\x98@GY\x9e \xdf<\x5c\x12\xc2\x17\x9d7\xec\
\xfd\xfd\xf8\x10hR&^\xc3\xa7k&\xebLEr\
\xcf\x12\x80\xbct\xad\xab4\x1dJ\xc6\xb8\xb2\xa8\x16\xe2\
`L\xc30\xca\x22T\xc8M7\x0cp\xf2\x91U$\
\xc3\x7f\x8b\x10\xd7H\x9e\xe4y\xb7\xc9\xa3\x08\xafD\x83\
\xa8\xe1\x11\x1c(\x12\x0e\x97`)\x82\x02\xf1\x99\xf9P\
\xbb\xdf\xcf\x86\x8f\xb5\xfc\x14\x86\x0f\xdf\x5c7KI\xa5\
\x1bGd&\xe1\xe0f\x18\x0d@\x1a\xd6 M\x8aO\
\xcf\x88\x1d\x0f\xaa\xccD\x87\x0fS\x84\x89\x10GEH\
\xa6\x08\x13a\x1a\xa0]\x09\xbb\xf6\x10\xfdGH?\x85\
TQ\x0f\xc3\xdd@=\xde\x8dp&\xf7\x12\x1a\xc2\xc6\
\xf0\x12\x8ey)\x10Uh\xc7\xbd\x8c\x19\xaf\xc3\xf2\xc8\
d\xda\xc8\x04\x91\xb1F\xf4 3\x05\xdf\xcfB\xe4\xdb\
<b\x0d\x94`8\x80\x05\xa3\xab(T~\x1d\x1aK\
\xa2\x19)\x1d$2&{ )\x8c\xa0\x09Z~\xc5\
d\x96+\x84\x9b\xb0\x02P/\xcb\x1a8kp+\xc1\
\xd7T\xd2]&\xbe\x99\xbc\x10\x09\x0e\x87\x906\xdc\x8b\
\xb7\x02\xa1\x13U\x18\xa6<&\xe6\x83&M\x9c\xdb\xd6\
P\xfa\x84]\x84\xbc\x90NQ\x04\x9b\x10\xe2a\x14d\
\x1e\xc6\x01\xcc\x81\xa7\x8c\x855\xe9\xcf\x84Z\xcdv\x5c\
\xbc\x93\xba4\x8a\xb0\x18i\x84u\x12\x0b@\x13H\xb9\
\xc6\x89?xf\xcaP\x84=<\x17So`5\x97\
(\xa6K\x1b\x810\xb7c\xbc\xb8\xa7\xe5]e\x97\x7f\
\x94\x13\xb5<!\xb83\x0bQ\x08\x0a\x94q?\x0d\x8b\
M\xc4\xdf\xef\x950A\xe0\xd5\xe85\xdcr\xdec\xe9\
T$\x12!\xd7r\xcbd\xc7^z\xa1\x921\xa2\x8a\
\xec\x0dq0\xc6\x92`\x00~C\xa9\x90\xcb\xfd\x99\xb4\
\xac\xe2\xcf\xa8\x92C\x5c\xa3\xca\x88\x81\x22\xd5&\x8f'\
\xec\x02\xd3\x05\xaa\xe1!\x22\xf4\xbc\x8f\x86\x18\x89v\xa6\
c>\x941\x13\x09\xe9\xb6\xc6\x89\x06\x86\x83\x84\xe5\x99\
\x0a3\x81~,#\x13\x1c\x9d\xba\xcc}\x19\x22\x81}\
\xa8Q\x08BD\x96\x96\x07\xa1\xb6Li\xd2\x01\x22\x10\
\x04\x10\x04\x10\x04'x\x90\x02\xb8\x13\xfe\x1f\xee\x01\xa1\
\x8cxVL\xbd\x22\xc0\xcb\x0euk%%\xe0!\xe1\
}\xa7F\x11^\x8b\xfcS\xaf\xe2\xfaC\xb9\xe1~I\
>\x00\xd8'v\xeb.\xbb\x11L\x10E\x92\x1c\xe6\x05\
2.v/)B\xb9#\x5c\xed\x95e\xb3\x8d(\x98\
yI\xe0\x01\xfc\xdf\xb2\xd5\xea\x96\x16m\xe2@\xce:\
\xb8Yt!\x86\xfd{\x8e\xc1\x09\x94\xdf+\xb3{\x07\
s\xd5Y\xb9\xec\x01\x1a#\x17r65\x94\x8c\xd2\xa7\
\xb1\xb3U\x83ZnRS7\xf7\xed\xbb\x8a\xd9\xab\x83\
*\x0b<\x96\xf59\xec\x8f&;\x12\x18i\xc9\xe9\x11\
\xfa}\xb98\xd8\x86,\xba\xfcb\xa2EP\xd0)9\
\x9b/\x10\xba~\x87fP\x97N\x1dF\x11\xbe24\
\xfa\xdf;<r\xc3\xdc\xf7\xcd\xd6\x0fib\xb3\xf82\
do\xbe\xe6\xbc\x1a\xfc\xf4\xb5\xba\x1f\xcfx\xea\xc0Y\
\xa3\x97\x16\xc3\xbbS`\x8dT\xd6EI*\xe7\xed\xe8\
O\xbe\xf5{\xf3\xdd\xb1\x0d9\xe2I\x8f\xd3\xb17\xff\
\x97S\xaf\x92\xfc-\x07\xfd\x05;b\xfa\xd1\x15\xf2s\
\x83\xbfO\xf2A\xacW\xf1\x93\x93\xdb\xc9\x9dL\xc7{\
]\xa0\x80\x1d\xa21\x87\xe6\x9fDs\xcb%\xd0(\x07\
2\x08,d\x80w\xfd\xc1|\xb1\xf8w\x13\xcdIp\
i\x0b\x7f\x1d\x06\xb6v\x85\xeeKu\xb0\xa4\xdc\xebk\
#\x86\x1f\xb8\x1d\x0e\x14\xbb\xeb\x06v\x0b^.\xc2\xa8\
(XB\xb5\x1a>\xf0h\xeb\xc9Sy\x8e\xbc\x83\xa1\
\x12%\x00'\xdbc\xac\xbcC\x91\xe2\xc5\xb6\x13\xde`\
\xe1\xe9\x93\xf4\xaa\xbb3\x0f\xdd\xd2s\x9e\x9b\x9dH\xe8\
\x14o\x98\x1c\x01\xecV\x00Z\xb8p\x15\x1b\x80K*\
\x1d\x1a\xf9\xfa,bdE\xe0`2\xc9$eJ\x91\
\x99]|G5\xa2r\x01R\x01E\x01F\x01#3\
\x0d\x17&j\x94\xcaV0\xa3\xaa\xa4\xfc\x8a\x00\x22\x9c\
\x80\x07\x09\x14\xa8\x83'@R\xf5\x0a\x14'V\x08x\
\x8cC\xdf\x18\xc5\x9fC\x87H7]\xfb\xe0WJD\
\xd6j5\xd4\xeao@7 \x89k\xd8\x01\xee\xca\x0a\
\x16P\x10;8(\xe9\xac\x03\xdd@*\xc6\x05\xe9\xf8\
\x03b\x9d@\x8c\x01tzgX%\x15\xae\xa1\xd0B\
|Q\xffX\x9f\xd1E\xc2\xef\xfct.4\xb9\xd0P\
\xe5\x15w8\x92\xcb\x12\x9f\x9dl?\xc5\x8fb\x0b\xd5\
\xa9\x8d\xc7\xa4\xa9\xa0:+B\x7f\x95\xdcRvE.\
C\x1d\xc98\xea\xad0\x11k\xe8\xca\xb8\x06\xc9x$\
\xc2On\xb8\xceL\xfb\xb1\x04\xd5X\xd2\xaay\x0c*\
\xaeC=\x85\xb0Z\x0e\x99\xc8(\xb5@5\xed\xb4\xf1\
\xd5NHjZ)\xb9Ibl\xba\xcbU\xcf\x0c\xfd\
\xb3\xd3\x94\x88\xd2\x1a\xd5\xd0G\x93\xa3\x0b\xae\xa0\x94\x8b\
:A+\x8b\x94\x0e\xf1\x94\x04\xad7=\x8b\xd5\x9c%\
\x0c\xd6\xd04\xc5I\x9aM\xa4\x8c\xaa\x8e\x1ca*\xd5\
0UN\x89\x99wu\xad#\x9fL\xfc\x19}\xe8\xa8\
\xb1E)N\xd5\xc8/\xcfX\xf5\x11w~\xe1F\x04\
!\x8a\x1d\xf5S\xd5I\xec\xd9O4[\x94T\x8c>\
\x14\xf7\x9d\xfc\xa3y\x9c\x85r\xa8\xddY\xbf\xf3\x16\xd5\
\x08\x87Z\x22&\xb9\xbc\xb2\x0c\xed\xdc\xbc\xadz6\x01\
n5^y\x11\xb7\xf6\x12\xd4\xa1\xa3d\xc1\x98\xaaY\
P\x08r\xe5\x19\xb1\xf1\xa9\xfda\xd6\xd7\xfdG&o\
\x14\x96\x92r\xd8P\xcb\xd40\xe90\x83\x9e\xcd\xb6\x8d\
\x9cF\xd3\x10\xd7^w\xe0[\xd3\x99X\x1f<\xad`\
\x5c\xcc`l\x82S\xae\xc1\xaa\x8a\x91\xbc\xde\xa1\x0fF\
\x08OY\xd0\xa4>\xaf\x8et\x16'\xd9\x98\x1c\x84\x8e\
r\xcb\x15\xa8h\x8a\xd8\xa7\x22\xbc\x11z\xfbJI\xa2\
%\x9d_v\x98\xcd;D\x15\x11\xdc\xe9\xc2\x22}n\
K#_\x85KI\xec\x7f\x14\xd6*\xf6\xa9\x0a\x1e\xaa\
4\xe4\xc5q\x99\xad\xc7\x9c\xe9\xb2\xc7\xc7\x81Fz2\
\xd5\xea\x15\x88Z1\x99!?\x14\xb9\x06{\xca\xc6\x5c\
\xa7^BB\x91\xe1+\x9c\xe5+v\xd7\xdf5\x11\xa2\
\x87H\xc4C\x1f\xd9{\x08\x9a\x10U(\xaaC\xdc\xce\
\xa3#5\xae]\x5c\xf5+/\x96^1\x05U\x88\xa1\
C\xde1\xcd\xbf(w\x96\x84\xc6\xe4*\xd6C^<\
\x15\xb6M\x5ca\xffh+\x8f\x8c\xc8)\x9a\xe2\xb6R\
\xd3\xad\x87\xf3\x11\x9a\x0a\xa4z$4?\x8bf\xa2\x5c\
\xf3\x7f\x92\x0a\xb6\x9c\x0a%r\xe6$\x91\x9e\xf4JB\
2\xb6\x8c]\xe4\x91\x0aB\xb7\x0cY\xe6\xa1R\xe4\x89\
\x92\xbf\x12+\x9a\xd6,\xa5\x19\xd5\x0aC\x95\xf2|)\
\x94\x05\xd1\xb3:A2\xf4x,\xf5Nj\xf1 \xdc\
i\x84|\x1a\x9ahW!e\x22M,\xff(\x9f?\
\x15\xfcs\x8a\xc2\xf0$\x93\x10s\xf4\x98\xf4\xbc\xe5\xd0\
H\xf0\x88\x883\xf5O\xc1\xd4\x8a9\xe6\xa3\x0d\xd5\xc6\
5(*P\xab\x1c\xe1:5\xf2\x8a\xc7\xf4\x14\xa8\xc6\
t\x0a-\x1b\xddE\xf7M\x224\x22C\x1f5L\xf6\
\xccM\x14^\x87\x98\xbb\xe7\xe1\xa3\xa2\xd8X\x86$\xe8\
Q\x95W>C.\x1b\x0c\xa2P\xe3\x1a\xca\xd7\xc5\xba\
\xb3U\xf6,\x15V\x86\x8f\x9axM!\xfe\xd1*\xb6\
m\xa9\xe0|>\x8a\x12\x85>\xa6\x96\xf2\xa1\xb0\xa1\x96\
\x8b\xc6S\x9dzL\xc4\x0c\xc98(\xc3\x9dh\xa4B\
l(\xb0kPII\xe7\x9f\x0fZ\xeea\x17!\x93\
\xdf2\xad\xcb\x86\xb6\x11\x0aeL\x82Z\x9a\xa2\x8er\
/\xf5\xb0\x92R\xc8p\x1d\x09y\x88\xe5\xa5 \xaf\x94\
'!:6\x8a\xa1g\xf5\xaa\x85$C\xb8S\x08I\
\xc6\xd4\xb6\x14\xa6\xad\xca\x03;\x22\x8e\x7f,\xca\xda(\
\xcfT\xe9%\xe76)\xd8c\xf2\xa3\x93\xd3\xc4\xd0\xc7\
7\xec\xd5\xdf\xb7\xc2\xd1\x226\x82\x14\xa8\xe4+\x94d\
\x9b\xe0:\x22T\xa4\xd5\xe4\x1b\xde~t'JF\xe1\
\xbf\x8bV\x9c\x19\xc3\x12C\x1f\xcdQ\xc8\x1dQ\xe9\x90\
\xc9|\xb6\x82p\xf8\xa0P\x96 \xf7\xb2r\x98\xbeR\
\xca,Bg\xa7a\xed|\x19V\xa1f\xf0Y*\x17\
G5\x22tv\xd8\x1c\x12bB\xac\x16\x8a\xc2\xe7\xb0\
\x04\x1a!0*\x07#\xd0\xe1\xe1\xe1\xb4p\x1a+x\
\xb4\xe0r\xa8F\xa8\x0f\x05\xa2\xd6\x04\x9e\xa7CB\xc5\
\xe0\x80\x0e\xc3I\x95\x06v\x15\x91\xb0\x19\x0atT\xbb\
\xe0b\x08\xd2\xc5\xc0V\x1a\xcc\x85Z\x22P \xd7\x91\
P\x0b\x1d\xfa\x5c\x80A\x8c>\x0a\xfe\x18\x16,\xae7\
|\x9b\x0a\x07!w\x86\x87\xb2\x00\x83\xa1\xce\xd8\xaf\x12\
\x12X\x02(x \xc1\x82\x07\x0e\x100\xc0@,X\
\xd0\xc0\x01\x00\x03 \x10`\x81\x03\x06\xd4\xb4e\xd6\xeb\
\x07\x91\x0a\xf9CP\xc4\xd4\x1a-E9s\x1abV\
I\xf30$\xec\xc8_\x1f\xb5\xc2\x1e\xa1\xd8U\xc1Y\
\xad}\x187\xce\x83\x85\x8c\x93\xfd:]\xc7JeC\
w\x89\x94!52\xf2@\x9dY\xcd\xd0\x98\xf6\x93\xa7\
2\xc5P\xc9\xa8\x02\x1d\x7f\x1fN\x95\xaf\xa4GVy\
\x22\x9b\xbe\xb1\x98\xee\xfc\xd0(\xd3\x19\xfbP\x22\xefJ\
S$\xde?rk\x82\x15\xba\xd5\x94\x0c\xb5\xcen3\
\x83\xf8\x10\xf5l\xa8\x13Q\xca>\xa3\x0a\x89+\xf9\xb0\
.oMw\x89[\xa8\xc1\x87\xd1\xe5\x07\xa9\xcbfC\
\x09\xc7\x84y\x09\x94\xba\x84#u\x0ftC\xc4\xbd\xc8\
\x86\xee:M\xd1\x9c\x1a\x92:\x8a\xd3\xe1>NET\
Pu\xaf\x94J\xaf\x0d\x1f\x82\xfb\xa8\x02J\x8a\xa2\xa9\
\x5c\xd9)\x0ck\x82k\x04\x01\x19\x8fJ$\x22v\x03\
28\x10\x94\x83\x18\x06C\x10\x86\x08\x0a\x98!\x02\x22\
 \x82B\x88\x90\x10Aq\x8e\x8f\x01\xef\xfcB\xd0^\
\x9a\x80\xae\x82\xd07\x89,YQ\xe89\x03R\xc8\x19\
 \x14\xb9W\x00\x91\xc8\xa8i\xf4\xc70\xf1l\x86C\
H\x8a\x9f\x5c@\x09\x14\xe7\xbc\xf5\x90\xcbU\xfb\x84\x16\
\x06\xa3`\xc1\x00_\x5c\xc5\xb0Q\xbb\xeboaWQ\
\xed\x0c\xbc\xe1\x80\xf9\x83\xfb\xa2\x16D\xba{\xb9R7\
_\x94\xf8\xdc\xb7\x82\xa9\xa1\x8fXS\xbc\x18\xd4_\x03\
\x9b`\x0a\xff\xe9\xa8\xf3T\xc8\xf6c\xa9\x17'\xd3\x93\
\xb6\xb0\x16j\xdf\xdd\xaa\xa4\xba\xb9\xba\xd5mB\xc2\xe8\
\x95\xa9\xb2<p\x01h\xe9\xe5\x0d\xb2\xb26\xae\x9e\xe1\
\x83\xbc?\x97\x9a\xc3\x9b\xb9\xb4+\xa1\x09\x5c\xcdN\xb9\
\x16x\xde&\xf0)c\xad\xa1\x16\xab\xcd\xc7+i\x15\
\xd4\xa1\x03\x5c\x9b>\x82\xf7^\x97z\x14\xedA\x00N\
\xf6[\x17\x9e\xa3\xd0\xdeL\xfd\xccw\x5c\xe7/<W\
\xc0p\xd6\x16M3^\x91\x22Y\x22\xd2e\x05\x85^\
\xc1Y\x22XT\x14\xd8n:\x9cJ\xd1\xb4SCI\
4\x0d2\x00\xfa\xcf\x84\xc4e\xcd\xb0XK\xbd\x12\x0c\
u\xbb\xb0\xd0\x1e{\x9eeVN\xcc\xa67W\xf0\x99\
\xb0\x11\xe2\xa6\x7f\x9f\xd6\xb6wk\x9c\xdd\x1c\xa4\xde`\
\x89\x8b\x88\xbe\x08\xd9\xde\xc1(\xbe\xb2B\x0c\x96t\xc4\
v\xf4\xc5<h#\xeb\xe2\xf4n(\xe0\xd0\x5cJ\xc5\
1\x1fu\xd9\x06j\xdb\x9b\x93\x14M\xcc\xf0\x8e\xf2\xaa\
\xd0\xa0f\x8cV\x5cz\xba\xe6\x87\xc2W\x92\xf8L\x22\
^N\xfao7r\xa7e~'Z\xab>Z<\xd1\
D\x99\x13\x8d\xf3;\xd1\xe7B\x03\xa8\xff\xd0\xdc\xe1*\
\x06hk\x04V\x98h\x1e7n\x17\x0d'\xda\xc3\x99\
10\xfd^\xc5k\x82D\xe1Dg\xcd\x84\xd6\xfe\x84\
\x89\x1f\x0a\xb1s0,\xa2\xa6\xdc(5\x8e\xe4\xa9V\
&\xf8\xc5[\x07\xbf\xc5\x80\xab\x10\xeb\xe5\x80\xb4\x1a\x1f\
Jk\xa6\xcc\xd0L%\x8e\xe0G\xb9\xe0\xb5HY9\
[\xed\xd0\x9d*j\x1bhxTu\x9d\x7f:=P\
l\xb8\xd2\xc3\xa6J\xc3BK\x8e\xcb\x0a\xef\x0c\xb5j\
\x12\x85\xf9\xb8\x88I\xfe\x1evP\x1a\x9c'C6\x89\
\x88Fua\xd7\xcc\xa8\x18\xcd\xf7\xd3\xfeS\x16.D\
s\x8fM\xcb\x02\xe4\xe5\x0e\xe0\xcc\xe5\xf8-\x98\xde\x16\
\xe0\xc95\xcb\xb5w\x0e\xb6\xad\xf8\x1d|\x1e=\x93\xf2\
%1\x89I\x08\x8e\x007\xdf\xe5\xc3\xef\xdd-`\xd3\
\xeb\x9f\xf6m\xca\x18\x0a\x02m\x7f.Eh\xd3\xb6\x7f\
\xc07\xc2\xd6\x82f\x1ald\x0a\xdc\x89\x13\xa0\x22\xec\
\xc4\x138>\x8b\xcch\xd4\x8b\x0de\x04\xdd\x06\xb2\x15\
\x04\x05\xe0\xca\xf6\xd9\x83\x81\x99m\x9dQ\x01\xfe\x99\xa1\
\x9b\x1d\xc1Z\x05\xf3;\xa3`\x89\xcd\x98\xdf\x1b\xe1\xf4\
\x1b\x85W\xb0\xe1\x16\xb7]h\x80b\xec\x07\xba\x0fv\
0<g\xf6\x84J\x1c\x03\xa0\xd3\xe8\xeeI\xec\xe0\x1b\
\xa7\x0e\x5c\xd4\x99\x90\xdf\xb6\x8cq\xc3\xa1\xe3\x1d\xdc\xc5\
\xd1\xb0\xf1\xa6\x14\x90\xfb\x07\x8e\x95V*,l\xfb\x98\
\x84 \xf364\x9bH\xc1\xa6\x86\x05\xca\x18Z\xebP\
\x98\xd7\x0a\xc4\x1eg@2z\xebt\xac\xc2\x8e\x97\x91\
\x0a\x13\x95Ff\x10\xe0e\xe6@Y\x93\xc1\x1d1\x07\
\xbbZ\xecc\x9e\xd9\x96\xec\x8b\xac\xc1\xd8*\xd3\xf7\xab\
\x07\x0ek\x83.5\x1eki\x84TIJ\xcc8\xb2\
\x1a\xdd6\xc1b\xad\xae\xe1\x90A\x0a \xc66\xa7\x9e\
|\x82\x1bk\xff\xa7\x8cQ\xdd\x9c\x9ef\xc4\xd7\xa2%\
\xe6\x22\x98\xf3\xa2V\x93\xac\x5cI\x14\xcfb\xf7\x81\xa9\
\x04\x8f\x8b\x98\x22s=\x86\x8b\xb4\xe0S\x93\xde\x168\
f\xa0\x83K\xa6\xe5\xca\x14G\xe7b\xd7\x82\xe5I\x01\
\x8c\xf5\x13Dv:R\x0e\x0d\xce>\x80\xdb\xb6\x89\xcc\
\x90]r\x85w\x8ev1{Q\x0d\xc0\x83\xc9\xe5&\
\x15g&a\xc8\x08r\xf9\xe74\xd4`\x0d\x9aX\x88\
\xd5!w\xd7\xb8,\xcd\x8dV]&\x01\x88\xeaU\xde\
\xaeR\x1bp\x1c\xb4\xbe\xe1\x1d0\x9d\xf2*\xda5\x88\
\xd2\xc1\x95\xed2\xd6\xd5\xceY\x1f\xce\xb8'\x83\x06\x0c\
\xed\xa34\x88C\x91\xfe\xdb\xb0\xa9.\xc5\xdd`\xc9v\
X:E\xf7\x01/\xdd\x0a\x99\x1eL\xc1\x01\xdd\xb4m\
5\xfa.\x83\xa1\x9d0\x9e\x0e\xc2H\x15r\x1bB:\
\xa4>@\xff]\x18\xbd\x9ea$h\xc66%u\xf3\
C\x07}W\xf9J'\xef\xc7ZG\x08)\x9d@\xde\
\xcd&\xc7\xac\xffg\xcb\xba\xf7\x84d\x14\xfa\xf3\xb1\xcf\
\xe5\xba\x97\x9e\x0a\xa3\xe4\xe4\xae\xa1\x91m\x8dR\x11W\
\x13\xb5\xe4\xe2\xcf\x8b((\xddD\xde\xd84$J\x1e\
\xe6i\x96K\xeb\x1cn4\xd0C\x02H\xd3u!\xe4\
|F:\x8a.@e\xce\x17i\x1cx\xb0%\xa9\x86\
x\xecH\xd7\xa2\xc3\x0b\xb3\xf6E\xbas\x85n\xf7\x18\
\x1c2[\x14\x93\x0dC'\xe1Y\x8a\xbe\x93\xdddt\
\xe8\x81\xfc\xd5\xa6\x02#=\xc2\xb1\xf1\xc5\xc3\x91'\x86\
\x85\xd4S1M\x0d\xc2\x19\x22\xe6\x90\xaf%\x07\x92x\
\xa6\xc7~d\xbf\xc8Zh\x08\x7f<\xf2xsiX\
\xd0\x0f\xa9V\x0c\xe3\xc9?\xdd\xbc\xcc\xe8e\xf4b\x98\
K\x14\xf2\xf0\x91J\xc2\xf7\xb8\xd2\x22\xd9r[|\xda\
\x9c\xa1\xbc\x81(\xb5Qj3\xfdS\x04}\xa3\xf6?\
B}\x0c8\x9c1\x1b\x19\xc7z\xf2\x1f\xab\x87l\xf6\
\xf2C<-\x81\xbf\x07\xd4\xa9Z\xa2]r\x02\x1f\x9a\
;6\xd9\x83\xd6{\xa5{D\xfa\x19\x0c\x5c\x15\x1c \
\xa2\xfcQ^\x86\xf5\xbe\x11\xc9|\x88\xc3G\x93\xf1\x83\
\xf2m\x9c\x01\xf5\x18\x97B\x93|\x0a$\x09}b\x94\
\xaf\xf0>\xbf\x01\x0d\x87\x00\xcau\x90\x0d\x12\xc0W:\
\x10\xf7gW\xe8\x96R&\x99RJ\x22\xfb\xab\x0b\xd4\
\x00\xd3\x00\xd1\x00EQJ\xb0h\xf2S\xcd\xa2$\xac\
\xbd\xa6\xea)[E\x93w\xa7\x94\x0e\x22\x90\xb1\x1e[\
\x8bN\xbc:g\x0ce>D_\x84\x81\x0b\x14\xa2\xcb\
j\x99\x0e0Q\x0d\xabQe\xd1\x89\x1c\xc6\x93!\x9f\
\x94\x0ez \x8f\x84\xf4\xfaBP\xc5\x88\xe60pR\
\xe7\x85+C\x8a6,\xee\x5cT\x1c\x14eQX\x86\
\xf4%\xd4O3\x11\xb7\xc2\x1c^\xef\x86\x88\x80\x1cb\
\x81\x16f\xb9\x93e\xeb\xbc\xbf\xc0\xe0x\xb16\x15\xf5\
\xee1\xccB\x89\x0b\x0a\xb1\xc2\x06\xc5\xd4U\x807A\
\xab\x19C\x11\xb5aM\x22\x90\x02+\xab\x884<F\
\xbb\xa1\xed\x9e\xe9Kp\x8c\x1f\x80@\x00\xb24\xc1h\
i!\x81\x1cb\xc2\x84\xcc\x94%\x99\x942\x09?\xbf\
\x09\x99\x85R\xe0\xa6\xde\x09\x99\xaa\x00P\x0e\xc1\x10\x0b\
N\xbc+ef\xbb\x91\xfd\xc23\x87\x9f0:\x8c^\
\x84l\xc9.B(b\x8dD\x05\xf31\x93\xcd\x8e\x84\
\xd1\xed\x09C\xb3\xc9R#r\xf8*|JD\x22w\
\xf6\x0b\xd2j>\xdd\xc9O\xe8\xb5+\xeb\x10c\xdfE\
\x03\x89\x17r89t>\x13\xa1J5\x81\xa5N0\
,\x84\xa3\xd4N-\xde{\xe9\xb4\xa5\xb1\xd5\x09\x19z\
T\xed\x9c\xc1\xe0\xb4>\x22\xb1\xba\xe44a\x14\xd7D\
f\xac\xa8\xc7^\xc8?\x22\xddw\xea\x1b\x86\x11\x85Y\
\xe8\x04\x9e\xb8\x92K\x00\xd5\xec\xa3\xd6\xaa8\x0a'\xb1\
\xaa`\xebS\x186\x0ce5V.\xd0\xe1^Q\x89\
ffQ\x02\x15\x1e\x9f\x91:\x11\xaa\x9d\x08%$]\
\x16\xc5C(\xc2\x0aAV\xab\xaa\xd8\x10&\x84\x12\xaa\
\xacz\xaa\xf3i\xc8,\x02;\xb1\x0ad\x22\x8f\xc4\xac\
w\xc11\x9f\xb63\xa2\xd1\xfc{\xf0\x03\xa1#\x06\x9f\
V\x0d\x98 \xb4\x0eC\x91R5S9\xdc\x22\x94\xa2\
\x83H\x89\x9c\x86\x1b\x0a\xbf\xca\x8b\x8e2$<\xe2D\
X \xc5\xe2\xd1PV\xe9\x0aURT\xa6p\x11.\
F\xc4\x8e9\x142j\x07)c\x11\x8d\xc2|\xb2\xf2\
52\x9e\x96Z\xc4X\xb2\x0c\xc9n\xa2\x92\xe7\x92z\
\xc3\xcf\x85\xfb\xb9.\xd7\xf7T\x9bFk~\xc6\xcc\x0a\
\xc1\x05\x9a\xfe?\xcd-\xdb\xea:\xe2\x89i/\x95\x1d\
\xbf#\x85\xc1a,\xbc\xc3\xe1w9\x01\xd5*\x8cE\
 *\xab\xf5\x9d\x96\xa1MY\x14%#\xd4,a\xed\
CU\x88\x7fn[\x09E\x16\x22\x9df4i\xa1X\
\x22\x15\x1c\x95q\xc2\x17L5\xbda\x89,\x05\xf1w\
\x0dgK`\xcfI'\xea\xf4\x99\xe2\xa8!-\x14\x8b\
\x22,{\x08\xba\x13ae\xd5~\x98N\x08\x03\x05\x07\
\x06cWd~0P\x8d\xc2L\x9a\xf0\xb2.\x1b\x96\
4\xa7\xd0\xe25<\xb2a\xd6\xdc\x00\x09n\xda\xf3\x0c\
\x8c\x963\xcb\x92\x05[L\x0f\xb2-Sp\xfc\x00\xa7\
\x8a\xa0\xd0\xaa4\xa1\xee\x99I\xd2\xb9\xc3D\x8a\xf41\
\xd0\xff\xb5*T\x88\x95\x8cX\xf4\x06\xb1c-C\xa8\
\xee\xe2+,h*\x84@\xb5?\x82&\xf4@!f\
O\xdd\xb6\xed\x9c\xf4\x11\x9e\xb2\xd2\x12\x1e\xce\x965=\
\xc5\xb2hn]\xf9z\x16\xe0\xdd4D\x8dJ,\x8b\
\x08f\xa6\xac2b\x86Q\x0ck\x0a\xb5\x0au\xcac\
D\xaf|g\xb5j!H5#g%\x05\xc5\x95\x86\
\x18\xbe\xd2\x91~\xfa\xa9\xc8\xd0^\xd5t\xd4\xd5i\xc3\
\x84\x9f\xdb\x06\xb2Q\xaa\xa0\xbfPD\x89\xda<X2\
\x1b\x14>\xca\xcb\x0e\xf7\x8a?\xe5\x9d\xe3\xb4\xc0\xaa\x09\
\x85\xf6\xa8\x03\xe8\xf3\x94;\x9363q\x08 \xd0@\
@&\x9a\xcc\xe6\x1a\xb9\x1bC\xb0P`I\xc4^\x12\
f\xca0)`FB\x09DD$\x90@D\x92H\
\x81\x92t\xfc/\xf2V\xd4\xba\xe4\x91>\xf5Y\xe5\x90\
\xd0=TpD\xb5O\xfb\xeb\x02n\xba\xd5G7\xba\
/=\xda\x1ff\x8ex\xccGg\xdf\xdc\xc7\x05\xfc\x0b\
\xb9\xeb6w\x0b\xef\xc6g\xb3\xcaz\x90f\xa0Z\xaa\
\xb0\x18T\xf4\xb6\xb7E\xc5\xfb\x09\x8e\xcc,\xea\x1b\xcd\
\x1bPjG\x90\x88\xb7\xcd\xf3\x05q5\xf2\x91\xb3p\
t\xe0\xc6)s\x10C\xa2?\xd4m\xe1\xa3\xfa\xf3?\
\x94_,\x98\x80\xe2\xfd`\x11\xd6\xe7(\x98^5\xf7\
5\xaa\x83\xd5~=\x9f\xb4o\xf6\xe5\x1cA\xfa\x1d+\
\xc4Bp(\xcc\xe6\x15viND\x90\xe6;\xb8u\
w\x03<\x09\xa5xBI?\xeao>\x1d\xd8\xc9\xe8\
\xc5\xa8e\x0a\xb7\x0d\xc6\xf6V\xb26o\xd6<8i\
\xc2*\x1aZ(\xe3\x13\xd1E\x1c\xfab\x07t\x00\x02\
c\xb7\xe1Q\xed\xf9.Z\x03\xdc\xc1\xf1\xb49\xb6\x99\
\x86\xe0\x8cpZ\x85\xa4\x00i^\x85\xc0J<\x9c\xd1\
\xa7\xf9\x02!2\xc4\xf0\x1e\xdb\xbcP]i\x9f\x86\x9c\
/\xbe\xbanZ\x0c\xbf\x03\xe5\x16\x87\x15\xc8j\xa6@\
'\xf4\x8f\xf4\xc9#\xb5\xcc\xdcS\xf8\xee\x19\x99\x92-\
\x97\x90\xdf\x93\xf4\xea\xa2E\x94\xf5\xd7\xfa\x80n\xde]\
UC\x09\x0c\xbd(\xb3hEU\xe1!\x97\xd7\xe0\xf9\
\x17\x11\xc9$]\xcc\x98\x9e\xce~\xad+8\xca\xf7j\
p\xe1\x9f\xf1\x86e\x8dA\xa6[\xdf2\xa8\xa7~R\
KI\xf3f\x8f\x12\x9fi\x89\xaa\xdc\xd5\xe9\xfc\xdb\x8f\
\xf51rH\xd5`\x9b>\xb7\x99\x93\xde\xfc\x06\x8fh\
\xf4h\x89\x5c\xf9\x05\x01\x8dP\x86\xc5\x1d\xdbs\xe3\xab\
\xc5\x93n\x8c+& \x0b\xe7]\xbfz\x14Q\x05j\
k\xc1\x9b*\x09\x01N\x94-\xe4@\xe0\x8fL\x1c\x03\
E1B\x8a9\x16\x8dnD\x81\xb9\xb6\x990s+\
\xf3\xb4\xfbr\xadOw\x8eN\xf5J\xee=c\x91\x12\
\xd7dG\xd2|\x82Ynw9P\xed\xf7C\xb4\x1e\
\x08\xdb\x18\xb43E\xd7b\xae\xd14\xa4\xd0\x17\x95z\
\xb8\xba\x89b\x22J\x11q\xe0\xf7\x1c\xf4\xf9\x92\xb9{\
~\x1e\x15\x9e\x891|\xa2\x9b\x080\xcc\xcc:g\x5c\
\x86\xdc(lt/\xe0\x88\x87_\xae\xe7\x154w<\
\x1a\x02{ Ol\xa9^ N\x1a@0\xc9\x84\xb0\
\xb2Q\x1dS\x09\x95\xbb\xc0\x09j\x8b\xae\xc3\xc0\xf0\xe7\
\x06-\xdd\x80\xd4b\x8f\x8b\x06LV\x06\x94\xadN\x18\
s\xfa'S\x04\xdb\x01a\x11\x04\x1b\xbd6)\xe3\x8b\
\xaf1\xdd\xb9\xf2\xa2\xe0\xb7\xf8\xec\x04\xb7\xee\xd3b\x04\
\x0b\xf8s\xb5o\x8bk\xd3\x1d\xdd\xff\xed\xef\x0bF\x0f\
\xbc\x9ea\x8cz}\xf8\xd2G\xad\xbf\xf1\xcba\x84\x0f\
\xd7xG\x19#\xe1\xd8\x00?\x1d\x13\x87\xb6*\xe3 \
\xe8-\xd5&b\x0asK\x80u\x0au\x87\x9f=\xef\
!t;|\x97\x18\x82\x9c-U\xfb\xb7\xfayW\x12\
\x87\x5c.\xeamN\xba\x0a\xc2\x91Q\x1a\x7f/\x22\x8d\
\xa6\x0dYx\x84\xf2\xe5\xb6\xf9\xd0\xad\xa6\x0d3\xde\x86\
\xaaA\x9dy\xd2\x1fQ\x08\x9a\xb5\x22\xc5\xb6\x13\x07\xb3\
\xb7\xc7\xd7m\xcd\x0e\xd7\xbf\x15\x9e\x9d\xb2L\x10\x8b\x09\
\xf3.MA\xe8\xcfv\xe5\xf8,\x8a\xf5\xba>\xf9f\
\x0eV\x83\x7f\x10h\x91\x0bu\xff\xcd\xe7\x9f\x1e\xd2\xd8\
~8\xdd\x92@\x93f\x96\x85*In\xf0\x06$6\
\xfd<m\x83\xa9]\x1b\xfb\xabxm\x9c+\xdb\xc8=\
\xe3\xe4:\x14\x99L\xa9\xfa^\x8a\x08\xc6Z\x8a\x7fF\
8 \x12\x03\xf5J\xe3\x91\x15\xe1\xd7\xee\x11\xcd+:\
E TFfQ\xc7\x81\xed\xad\xdc4\x8e\xf4m(\
\x19\x8a\x00\xffmB\xe9\xf5\x8a\x8c\xe1\xd3\xa2\xbe\xd7\xd5\
\xcc\xc0\x09fa\xa8\xcc\xe2\xb6a}\xf8\x04\xf4\xa3\x0f\
N8\xc0\xd9\xed\xa4\x9d\x81)\xb0\xe2\xa4@\x19\x19\x10\
\x06Dw\xeb\xaa\xaaSXu\xf6\xe0\x8d\xf19\xc6]\
8y\xde]IZ\xb7\xab\xbbr|\xa9{\xf9\xb1P\
\xff+\x82\xa7\x05\xff\x89\x97En\x80\x12[L\xedt\
\xcek\xbd\x9c\x83\xbe=y\xc62\xb5\x91\x1bw\x1eX\
\xb8\x07Q\xd5$\x85'\x8fv\x17\x1bZP\xde\x1c(\
\xc2\xc2\xc0\x02\xa0\xb3\x84|\xd4\xc7\x93\xbbG\xaf\xde\x90\
K\x14\xd2\xb3\xd6\xa4*\xdeF\xa3\xf1ax\xf2\xaa\x0c\
\x9c\x14\xb9\xdfH\xbe\xfbx\xbf\x8c\xdcBZc\xa6o\
\xdc\xf1\xc9%\xb4\xdb\x93\xc1\x98R=\x19\xd6U>y\
\xb9\xf1B\x1f\xaa\xd5\x89#%\xe9\x12Z\xbfT\x0f!\
\xd5\xaf\x99\x8c\x90 w\xf1\xfe\xa6\xf0\x90\xcb\x90\x5c\x0d\
\x06\x7fZ\x80\x09\x87\xe1F\xe8&\xdeu#\x8c\x98%\
4\xa2\x1ch\xd8-C\x0a\xdf\xf4a\xdf\x82Pe\xe7\
\xb7\xc4\x09E\xb9\xc09\x92\xc3\xdd\x14\xed4\xcb\xfc\x95\
\x0c\xce\xf5 \xa6\xe3j\xf72\xb8\xe0\x5c~\x09\x92Z\
\xf7\x19p\x82\x99\x91\x1f\x8e~\xc0Rz\xc1\x19\xee-\
\xc2\x07\xd6\xd9\xb2\x13\x11(\xa8\xd2\xe4\xb3?\x9a\xd6\x94\
W\xc0\xed\x9c\xbb\x9em\x94\x5c\xa4\xd0\xd2\x02J 1\
\xc3*}8!\x98\xaa2\xc7\xa1\xa5\xadN\xcbP\xb9\
\x96\xc2O\x00\x19\x87\x9d\xeb3\x80\x17\xd9j\x08\x7f\xc8\
KJ=\xbf\x94c\x07\xa1|A\xff\xa5\xf1\x87\xd9L\
D\xd5\x91s#N\x88\x03\xd6}\x0400\xd1\x92n\
k\x81\xda\xbf}U\xf5\xb9BZ\x91RI%\xe2\x07\
\xebW\xc0v\xd3a\x9a9~\xd2\xa9\xed\x0f\x99\x01\x11\
\xbek\x0cT\xd3\xc1mz\x0aD\xb3D4\x9ec4\
uv\xfe\xf2\x81Yar\xd8I\xd0g\x0e\xadT\xf7\
\x22\xd9\x13\x1b\xb4\xd8g\xce\xda\xb0\x1b\xb7\x86\xca\xe8G\
\x8d^\xb2j\xd9\xf0\xd9n\xd7z\xab\x89\x90I\x1bF\
Lc\x80\x16\xed\x8e\xb30\xb1\xc0\xa5\xa6\xd9I\x155\
%%\xd0\xf7:\xe8\xc7[\xe0\x1ea\x09?.\xd8\x15\
\x8a\xec\xbcU\xf9\xf9M~\x81\xd8p\x1e\xbd(Gh\
p_\xe2\x80U*\x00e\x9bU\x00\xf3\xd6\xc7~\xa9\
R\x90!v\x9e\xe4\x99\xbfU\x06\xeeJ<Y\x06\xaa\
\xd0a\xbb\xae\xcc\x82\x9b/|Q'?\xd1\x0f\xd0t\
D\xcbc\x97@\xba\x86\xde\x94\xd1\x95\xf6\xda\xdb\xd1h\
 \xa3\xab\xfd\xba\xeai<\xbbq^\x81r^V[\
};+\xdd\x12\xd4n\xfb?%\xac\xb3\x86\xe8\x82{\
\x1f\x0d4G\xa9m\xb4\xf7\xfa~\xfb\x16\xee\x9d\xe0`\
\xc3`9\xbc\x12\x96\xa4\x0f\xb9\xebn'\xb0\xe8X\xb8\
\x92t\xbd\x94\x10O\xc9yI^\xbdTE\xf0\x8f\x83\
\x93\xa7\xb4\x032\xa9Po\xa3\xa9R\xed\x0a\x96zQ\
\xdd\x8e\x0a\x00\xba\xca6'g\x19z-,\x93\x98\xc7\
\xd5/3i?\x19\x9a3Z \xfd\xf8\x12\xd0ha\
\x0a\xa4#e2c\x9dd\x03\xbc\x03\x89Oe\xc8\xac\
\xe2Z\xf0 \xe7\xa4\xee1\xa6*\xa2\x1eI\xd6\xda#\
@S\xd0\xf7\xa1\x94m\xa4\xbf\x99\x95ABc\x7fH\
\xfe%\x09\x05\xcf\x18\x0b\x9b\x9e{\x12\x80h\x1e,@\
_\x9e\x84{\xc46\xc4\x02*\x15\x014R\x09\xeb\x16\
\xcc\xd4\x014\xa6B\x153\xc7`\xd17<\xcbTz\
\x0eM<s\x96!/D45\x0d;\x14\x09u\x0a\
3\x99S}\x85\x14/\x91!S\x1b\xe1\x04\x02\x9em\
\x1a4\xb7N\x02\xee\xcd\x8f\xdfa\xc1\xa5-)Z:\
\x89\xbd\xdd\xea\x82\xb4\xa4\xcf\xe6Z\x88\xf6\xc6o\xab\x06\
\xec\x8e]\xf2\xd5w\xf0\x16\xb3S\x22\xe8r[\x104\
/j\x17\x8c[\xd1\xa55\xf7\xcc\xc4\x0f]\xd6T\x19\
\xf8\xf3.\xd1O\xbaW\x99\xeb\xf1\xb0\x9c\xcc\xa3\xb8\x1c\
\xc1'P\xbd\xe4\xe7\xea<R\xb2t\xb2\xd9\xd0\x14\xe0\
\xeb\x09\xb4{\xe0\x08\x16SRxY\x05\xef\xa5G\x92\
c\xe4\xce\x90\x10}\x06{\xfb}\x10\xc5v\x8a\xb3\xea\
\x92\xc0{\x87I\x0a\xdd!=\xd2\xd1\x97\xa7\x04\xe3\x8e\
\xe8\x17\x85O\xd9\xcb\xces\x90&X\x84\x1e\x09\xbec\
\x1cm\x01\x99\xd7_\x908\xfds\x08#%hbO\
\x02MKX\x842F\x86\xf9W\xd8\xd4\xddr-\xb9\
\xcd\xe6\xd4@\xf7X\xea\xe1\x83j\xb8\xc86\x81\x86S\
\xe4\x06\x22ax)]\xf0\xf7I\xfe\xa2VW\xa5\xbc\
G\xb7\xeba\xbcGW]\x82\xa2\xdf\xf0\x1d7w\x86\
m\x91y\xe1\xccg\xd5[f\xc2p\x1b\xf8\x0d\xb1\x1d\
<7\xa1\x7f@\xa5\xbbV\x17Cb\xbbu \xdd2\
r0\xe5J\x15\x0d\xfc\x84)\xe8q\x1b\xed\xd4\x9av\
\xbe\xd5\x83d#14\xdbGaQ\xd8\x1f\x98)\x9c\
Y:\xaf\xbbt\x10N^2\xa1ib\x96\xec\xc7\xb0\
t\xb3\xa9\x1b\xe4daN!\xc7\x9b2\x8c4H\x00\
m\x86\x10\x8d\x84\x0a}E\x07\xb5\xec\xbb{!\xcb\xd5\
\x80,f\xec\xcb\x96\xad\x16?\xcf\x0d\x86\xf9\xce\x92\xa4\
S\x8c*MO\xe0c\x1d\xe0\x1f\x85\xc0\xb4@\xbfI\
\x06\xb1b't\xca\xea\xd5\xca\x88\xd4f@\xb6)\xe3\
6U>&\x9f\x8e\xfa6\xf3\x8c\x8016\xdeW\x01\
2F\xbf\x15\x8d\x17\xde\xc8e\x22o%m\xa3\x96J\
\xb39\xe4\xa3x\x22\xc0\x1b\x8f|,\x9d8p \xc5\
\x05\x04\xf7X\xfeS8\x17y%\x0e\xc5e\xc8\x1fA\
 \xbe\xd3\xf1\xab4\xca\xf8\xa4\x15\x02\xcc\x13\x09*X\
\xa5\xbc\x8e\x86z\x1dFQ\xe0\xbf\x8eJ\x95\x5c\xa0\x94\
\x90\xa81\x004\xd4\x0c\xae\x0c(D\xc5P<\x06!\
'\xcb\x92\xc7$\x8e]\x83\xfc.\xbb\xa6\x94\x08\x07}\
\xca\x89\xeebQ\xc9\x1e\xe2N+\x11\x95\x0f\xab\xc76\
\xbd\xac\xecV\x8dA\xda8\xb3^\xd4\xab\x7f\x22\xdf\xbc\
\xdb\xf9\x96%wG\x7f\xbfB\xdfH\xee\xe7\x96\xbaD\
\x87\x09\xba\xaf\xdd\x22V0\xc2N\xb5QV?\x12b\
\xb5V\x08\xe7\xc7\x88 \x97@\x86n\x5c\xa5\x87\x9aV\
f\xe0\x9f\x91\xf6\xe7\x83:|Qb\xe2\x11\xe2\x1b\x0f\
4\x04\xc3\xb7\x8fH}\xd0\xaew\x01:M\x10Y\x97\
\x06\xf6\x98H\xf2\x01\xf3\x7f%\xf6\xa1\x0cWw\x80z\
\xae'\xe8<\xa8\x0f\x85bWt*\xb6\x96\xb9\x97'\
v\x010Q8;9\x9ay:'\xf7\x08w9\x1d\
\xc9\xf6r% \xff\x0dY\xf0K#\x17\xf0\x98\x98\x11\
\x06\xb5Lq2\xa4\x94n\xe0}\xd1\xa9[\xb9\xbbX\
\xfa\x9f\xban\x0a=\xe4\xd9\xcf\x0c\xe2Qn\x9c\xaf\x1c\
\xf9|\xed\xc9\x15\xa7\x18o\x0f`\x0c\xe0!\xd8l+\
<\x8aD\xbc\x8ax\xb4\xf4\x89\xd2FL\xb1\xde\x09\xb3\
\x83c\xb6\x03\xb0\x0e\xcb\x0b\xb4\x0e\xf2\x18\xcdE\x81\xa0\
0\x18U\xd5{Z\x81\x1d\xec\xc9\x90y\x83Z \xeb\
p#\x86\x1b\x98\x1c\x12\xde\x02u\xa5:o\xfe\xa8\x0f\
\xf8F\xde\x99\x01\x17h]\x1f\xc4B\xf9,eYL\
\x8cL\xc1\x89\x0e\x12K\x0c\xb0\xcb\xb5\x12\x8f-\x10\xe6\
C\x0e\xc0\xcd!7i\xc5\x97\xec\xb7:\xab\xc3\x15\xf1\
\x08Bc\x0a\xb72\x8c\xa5\x5ci\x8b\x00\xac\x10\xaf\xc2\
]\x0c\x0b\xa4\x83\x99f\xc8\x5c\xc7\xb3\xaf\xa1\x0e\xe0\xec\
Q\xff\x05\xd6\xf2\x88V\x95\xa1\xb8\xd3g\x06v\xdb\x13\
\xb3\x04\xc8\xfaK\x22\xd9^\xe0s\xee\xdd\xa2Z\xec\xf3\
\xe96\x0a\x87\x0a\xb0y.\x9e\xd2\x88_\x00(S<\
\x8c\x05D\xd5\xc4\xd3\x22\xff\xb5\xb0\xf1T\xebU\x0b\x9d\
Y\xf5Q\x04\x8b\x8b\x1c\xc9\xa4\xb8\x5c\xff\x819\x12\xf1\
\xda\x8d\x14'\xf4\x16\xb7N\xce\x07,@;;h\xdd\
Q\x05%\xdb\xd1C\xc0G4\x10\xeeCU\xf9}-\
F\xdb59\xa5\xdc\xb9\x97VK\x1d\xe0C\xe8Y'\
\x1e-W\x99\x8a\x96B\x5c\x968(]\x19\xc5\x11S\
p\x0b\xa6\xf0\xbb%\xc5\xbd\xa8\x80\x85h,\xe4\xb2L\
C\xa72\x9e\xb1\x0d\xb6`\x7f\xc0\xfe.k\xe3+\xeb\
Ni\x9b\xf0\x91\xf3\x82\x0f<\xb2\x9ed\xef\x81\xb6g\
\xea.\xd4\xe5\xd1\xee\xc2w\xe4=%\xaeW|\x02\x8a\
\xc2\xdd-\x92\xcfA\x00m\x9d\xdf\x01\x01\xd2\x94\xb7-\
Bl(cF\xaf\x16S<\x93\x92\xf6\x05\x11\x889\
\xc5\x8a\xe5\x8a\xba\xd3\x8a\x04\xd1\xf2=F\x99B>7\
\xb06\x9cs^\x0e\xfe+\x82\x17\xb3\xa6\x8fd\xbe\xb3\
I5\xcd\xb6(\xf6\xca{\x08p\xb6\x19\x82(\xe3.\
\xbd&s\xde\xa3\xb7;\xad\x91Vf\xc0\x9a\xa0j\xcf\
\xf5\xe1P\x0e4(6\xf6\x09L\x85\x0e\x88\xd2^h\
\xf6\xf1\x15\x899\xe4\x97\xad\xbf\xa2\x9aR \xc9\x02?\
\xa5\x08\x16P\x89\x15\x85\x8fDS_\xb0\xd6\x1bl\x97\
\xce\xf2\x5c\xa2]\xbb\x0fR2$\xacY\xbfmQ\xea\
\xdb\xf63\xf1\xed)\xa5\xb5\x8a\x88s\x14\x1bj\xe6\xf2\
\xb5{1\xecp\x1f\xb1K3c(K\x0f\x99\x8e1\
\x1d\x9aV\xa8\xe4\x8a=Vv\xdcr\xd8\x15G\x0e\x12\
\xb2\xe9\x7f\xeb\x01\xfb\xcb\xce^\xa4#\x00Kx\x93X\
J\x10\x22\xbb\x02l|\xe2\x80\xf3Sp\x06c\x166\
B5\x10\x98\xed!\xbb\xc1\xb0Q\x83\x9ct\x03\xfb[\
\xfa\xec\xa87\xb3\x13O\xf4\xc5F\xac\x95O\x1d0-\
%$\xa2\xce\xeb\xfd\x91\xa2b+\xf4\x22\xd8KT\x0f\
\xa0\x0aC\x06{\xdb\xfc@\xf6\xa1\x1f\xe9\x5c\x1d\xda\x05\
H4\xce\xfdkq\xf0\xcb\x8e\xbb9F\x81\xbaf\xa3\
\xbf5\xb9\x13\xd6\x19\x05\xcc\xe9E.)OP@\xc2\
sx\x7f\x229\x1d\x00\xe8\x82\xe2M\x1ew$\x01\x01\
\xb8%\x86S\xee\xeah\xef\x0d\x93\xa1>\x0aF\xc2\xea\
'\xfc\xa9:\xf4\xe5 \x97h\xfe'\xb7QL\xce\xe2\
\x85lcG\x8c\x8fhN\xd8v\xd0#0\xfc\x90\xa1\
-+\xb7\x09\xb0\x1b\xaf\xe8MJ(\xa7 QA\xca\
\xf9\x14\xad\xa9\x02\x04\x7f\xab\x98\xb5\xfb\xebf\xa8\x86\x97\
c\xa6zBK\xb9\x8e\xc8\xa2\xcd\xb9r\x0e\x02\x87\xcf\
$\xb1i\xd7\xa1\xf5\xe8:G\x1d\x0a\xbb\x17\x9b&)\
\xa2\xff\x81Br\xbf\xf8\xa4\x0aj\xf3[\x8e\xe3E*\
\xbe\xb6\x16\x11\xcc\x1c\xce\x1d\xc8f\x02\x03\x9c\x89\xd5\x1e\
\xa9\xb0S\xd8\xf0#\xf6q\x10\xb5\x12\x03\xa52\xbf\x12\
j\xe9=/n_\x9b(\xc07\xc6Ab\xee\xf6\xb1\
\xc35V\xb6\x96\xa02k\x96\xe5\x02\xb05J\xb4\x95\
\xe6g\x80 \xe9\xcaD8\x0c\
\x00\x00\x09\xf9\
(\
\xb5/\xfd`\xad;}O\x00\xc6w\x90\x22 \x8f\xd3\
\x06\x0f\xfdQ\x0d\xce\xfc1\xda=`\xa0\x13\x03r@\
\xfbI\xa1\x95\xbd\xb9B\xbf\xc9\x8d\x0a\x02\x08\x16\x0f\xb1\
\x00\x80\x00y\x00\x05\x06\x8d\x86R\x892&\x94I\xe3\
\x88$\x14\x95\x01\xa6a\x1c\xec\xf8\x98I`\xf4W\x8c\
\xc2\x84\xa3\x10\x9f!;\x14a .\xce\xc2DD\xf2\
\x14\x18X\x1e\x11T`\xd0X\x1d%b\xa9D\x97(\
\x92`\x1a\xa0\x88\xc2E\xe3\xa0D.\x0e\xc3\xe5\x89&\
,\x07QE%\xb2D\x95\x09\xa6\xd9\x0b\x04$\x12A\
0\x8dV\xa63\xfa\xd2t\xc6\x18k\x1c\x17\x14\x04\x8b\
(R\xc14\x18\x8f\xc8\x04\xe2H4\x8e\x89\xb3\x00M\
\x0e$(\x94\x0c\xa6I\x8b\x8d\x03\xe2\x02E,\x98\xa6\
\xd1\xdd\x171\x89H.\x08\x9a\x86\x99\xbd\x01\xa9P\x0a\
-\xca\xc2\xc2\xa2\xd1 \x98\xb8\x5c \x1a\x87e\x22\x91\
\xb8` \x15\x96\x82L\xb6\xb2a5\x06\xd08$\x92\
\xc8\xa3\xb1xuv\xb7\xa9\xac\x99\xbe\xb4\x8c\xf5<\xca\
\x09Z\xc79}\xd7\x95\xf9\xd2\xed\x8f\x93Y\xe1B\xfc\
\x80\x1e\xec\x04)\xe6\xff\xc0;\x0dE\x0f\x9a\xb0\xaf\x8d\
=\xdaO{\x0f\xc4?]\x14a'~\xec\xd9?\xcf\
X\xef\xddy\xec\xa1\x14\xedo\x0d\xa1\xe7a\xd9\xf9\xde\
\xbf\xf7\xe8?8\x98\xb7h\xab\x87|\xeb(?\xec\x0b\
m\xe2\x9fm>\xecqz\xa1g\xadQSa\xfa\xfb\
\x10B'\xa1\x87FgM|iS\xd6Y\xb9,\xaf\
YO\x86\xafofr\xe2\x93\x1bU\x19\xdb\xeeP;\
%Wv_\xdd\x9e]\xd7}\xad\xad7\x0d_wg\
\x99\xf4\x94\xcf\x98\x96\xea\xf0\xc7g\xaeN\xd82<\xad\
\xbb*\xa7\x84]?\xdbz\xf7=\xcfu{\xea\xfa\xfe\
\xac\xf08A\x1a\x96\x99x\xd5\xc4[\xc6\x9a0Qm\
;\xcbR#\x00\x10 \xa9P4\x0e\xc85\x0e\x8cK\
\xe4q&(\x03\xcdW\xf7\xab\xa7\x98\xc0h\xd9\x03\x06\
\x90\x0a\xcb\xcf\xd2\x9d\xb3\xed~\xd9\xf63Kfy\xe9\
\x8b\x97ixy}\x7f\xcf\x9c\x9b\xb6\x8a\xf9\xe3n\xa1\
f+\xf2\xf7\x88\xfa\xfa\x15\x8fvl\xe9\xeam\x89\xfb\
\xb6\xeb\xec\xcck\xa9\xb7\xd3\xf5\x99\x12_}\xd3_7\
\xe5\xec\xbb\xc2'fD\xd4\xbc\xcc\xb2\xaf\xd6\x11\xcb\xfe\
\xbf~\xc7\xd5\xe3\xe32\xdf\xb3\x15\xf1nu}\xc2~\
\xaf>YWc#\xf6\xf6;9\xf7\xac3\x83\xdb\xa8\
\xe2Mh\x86D\xa4)))\x14Z\x03\xa2P\x08\x04\
\xa6x\x1cf\xad\xd6\x03B\x904\x82\x81\x08O\x80P\
\x09!\x84\x10B\x88(T\x22\xa2\x8c\x92\xc4\xd8\xb1<\
.\xa9\x86\x02.\x1dvd\xad\x8b|\x9f\x8aM\xae\xfe\
bF#)\xe7\x8f~=\xd6j\xb2\x8bM\xd5L\xaf\
\xeaQ\x01\x14\xebs[b+y\xdd\x9ak\x1a\x19\x04\
J\x05\xe7\x9b\xfa\xbd\x1fS\xaa\xf6\xf5\x86|\xf5`\x19\
\x85\xb8\xf7\xe6\x83\x1ev\xcb\x92,\xeb\xf3\xa3\xbb\xb9\xa9\
\x9f\x95\xa9\x9d\x974\xc7\xd5\x96]\xda9a~p\x8c\
\x85\x12\x97\xa9\xd7\xcdM\xb6\x99\xcc\x10G-\x8e\xe0\xfe\
3\x9d\xfbv\xd5\x90\xef\x0c\x1d6\x8a\x85\x0f\xc7\xabt\
\x81\xd5\xa9\x1b\xe7*\xdf0X\x09\xb5\x93\xc9\xd6\xbe[\
\xd8\xa3\xa2 \xa6\xdcZ\xa1\x1d\xce\xf3\x1dvU\xb4E\
\xfa\xdb\xcd\x17O\x1b\xd0Zw\xe4\x92\xb3\xb8M\xe7D\
]\xe2b*\x09T?\xfei\xc1X\x972\xb1\xe8\x8b\
\xfa{\x01\x0dc\x8d\xbf\xf5\x8b\xdb\xe3=\xd9\x7f\xa1\x5c\
\xf5[\x09K \x8bS'\x16G\x9b\x1f\xfc\x9e}\xce\
\x0d\xa7\xefL\x83\x7f4'\xd7\x0a\xb1\xfeq\xc0/G\
\xc8\x94?\x00W\xf6%\xe2\x93\xbd\xa7\x0c\x99\xb4&\xe0\
\xa76\xbc\xd5\xa8\xac\xbc\xb3m\xf0g\x06\xc8\x92M\xe5\
\xf06M\x07\xfao\xaa\x87\xc5\xd1\xc7\xd9\x1dN\xec\xb9\
1\xfb\x8e\xef\xbfp}\x8b\x1b\xbb\xa8\xed\xc985\xbe\
|\x13\xd3\xc0\xd6|K\xd9\xf3~\x0c\xbeU*]\x08\
a5\xcc\xe4\x98\xd5o\x93\xd9'\xb4W-\xae\x02\xfe\
sPWq\xaf\xddra\xf4h\x5c\xc5\x01,\x90\x91\
8\xda\x04\xe1D\xfe\xf8\x94\x0a\xc9\x00?\xe0\xa2\x01\x8f\
K7a#\xadn\xcc<\xedj\xb7\xb7\x0c\xa4qZ\
V\x14\xef\xe6M\xc0h\x02\x05gF\x804\xc5cM\
F~N\xe9\xabh\x9d\xe4\xd5\xbe\x02\xb1\x92\x90P\xd6\
X^\xefb\xceC\xd7%\x83\x9f.+\xaf\xad\xb4[\
-\xa5HU\x0d\x99\xda\xdc=\xd7\x1f\x04P(\x8b\x1c\
g\xfd+z\xdc\x16\xea{(B\xea\xeeHC\x0f\xdd\
f*\x10\xf7Z{\xd5-\xb9\xb9\xb9\x93\x09w\x13\xee\
XS\x99\xe8\x95\x07\x17\x96c)1\xf3\xe6\xcf;\x15\
\xe8\x85\xff\x14a\xb5\xbf\xb1\x9c\xd9nNr\xa3\xcb\x02\
\x8bx\xbb\x97c\x94\x8ayu\x0a\x89\xe9\xa1\x90%R\
\xdd\xcauS\xae\x0d\xa4\xa9&\x96X\xb7^L\x1d\xa9\
\xce\xbe4)[|98\xf6f\xc4\x8bZ\x16\xddB\
\xd2\xd6J\x7fn\x97\xd1\x04\xab\x9d\x88\xe1\xf5u(/\
j]\xd6\x15*\xf1\x08\xb2\xd1\xa1\x86\x18\xce\xadMR\
(I\xda\xbc\xe2\xdc\xe2[\xa3\xf4e\x1e\xd23\x8a+\
\x84\x99\xc0\x16\xaf\xbf!\xc5\xc6\x01\x05\x14p\x8b\xd9\x13\
a\xa1\xd6\xb9\xdcS\xd66f\x8d\xd6\x9bl\x22\x95\x9e\
s\x91\x0a\xd2\x0d}\xc7\x15\xfc\xb8\xe0\xa2\xb6%\x0e\xb1\
\x06{k\xe1\xdc)/\xd7\xa2{ `\xb1\x08\xaa6\
l\x0a\x1f%\x1f\xc4j\xdd\xb2Y\xb9\x9a\x90\xe6\xaaP\
\xb9\xfa\x14\xd75\xa9U\x82\xe8\x04\xb3K\x1e])\xa8\
\xa8rd\xacK)2\x80\xb8PP\x19\xa5\x14\xfd$\
\x1d\xcb).J]^e\xb2^9%\xdf\xc7\xe9s\
\x02\xa5P>_~I\xebU\xea\xd6F\xce\x8bu\xc9\
C=D\xe2{)\xa0\x852\x02\xfd\x03Z\xb4\xa8,\
\xfb\xd8\x22X@\xf4\x07\xe2}\x07\xb5<A>\xf5\x9f\
0\x99\xe7\x07s\x1a=\x0a\x1e\xfa\x96\x0c1\xb9\x14\xa7\
\xc9=C\x9d\xe6\x18}\x96\xe5\x94\x90n8\xa0\xf0\x1b\
\x95\xb1\x85\x18<\xaa\xc2\xe6\xd3\x9d\xf4\x87\xfdP\x9b\xe7\
8+\xa7)X\x19\xcb\xef\xe8\xef\x91\xe8\xfdN:\xbe\
\xd7P2\xaeSE\xaa\xcb\xadO\xean\x0a\xa2\xe5\xe6\
\x88\xf9X\xc0)6\xc5\xf9\xedt\x1d.\x96\xfd\x97\xed\
\x04}\x01\x8a\xb3\x94=Mb\xc1\xda\xc2\xd1\x96\xf6x\
\xd2\x0b\xd28\xca\xe4\xd5<\x08\x06a\x11\xb8pu\xab\
.\xdb\x96\xfcR\xd7u\x10.\xa6\xa8\x846\x0e\xb2\xc1\
^%\xa3\xd3\xcd\xf4\xb5\xd3B\xfc\x00\x95\x91\xc3l\xd4\
\x90\xa1\x94\xc5a\x7f\xfb\xb3\xa8jy\xea\xb7v\xd5>\
\xc3m\x0c\xfeX\xf4\xc3t\x93\xbb\xb0\x0f\xaf~(k\
5\xd8\xc5\xef\x9fy\xe2\x1d\xb5\xc4\xf4\x90'B\xa1\x17\
\xb3,\x80\xff\x03\x22u\xe8\xa2\xa0<\xcd$\xaf\xc8\xca\
\xb8\xd8\xa5\xa8;E\xb9z\x1bc\x129\x06R\xfe\x0e\
\x8f\x9d\x1c\xe9\x85\xdfn\x9d\xbaQ\xfe|\x1e\xbb-\x96\
a\x91\x18\xea;\xf3\xe0\x0e\x81?\x12Bq\xae\xdd)\
1\xd7|\xdd?\xc4\xa4\xe54\xa1>g\xdd\x87\x0fU\
\x08\xafs%%\x93v1\xed\xa22lb\xd8\xc8\x95\
>\x13\xb4\x11C\xee\xa9\x98;I\xe5O\xec\xd5\xcb\x06\
Rh\xe4])\xca\xb5&\xd6U7\xd5\xf8\xd0g\xcd\
\xa4\xbb\xab\xa5\x8d\x07\xaea#\xccQ\x89f\xa3zi\
\xb2xK\x96\xd3\x93\xd7\x10\xf3\xdf\xc2\xf63)\xedX\
\xd8\xb4E\x94\x95\xb46\xa0qiP$\x13A\xae\x14\
\x9a\x875\xf3~@\x8cf-\x86D\xbe\xaa\xa9\xd6\x15\
hT\x80'\xf5\x93'\x07\x13Z\x01\xe9}*\xe59\
\xb3\xfb\xea\xa5\x06\x18\x97vt\xc6RM\x8e\x092U\
\xe5\xba\x00\xd9\x13\xc3\xf7C\xfai\xd5N5\x97v3\
\xb0\xc9\xdc\xea)&#\x15A\xd9\x90;8>{\xa4\
@B\x91\xd5\x9f\x0a\xa8r\xa3\x1c\xc6\x18\x5c\xae}\xa6\
\x8cj\xe2V\x9c\xcf0,\xd6\xab\x8d\x1a\xc5\xb3\xac\xb4\
\xcb\x0f\xfa7\x81+t\xb7B\x0eh\x90\xf4\xa0\xb6\x86\
\xf8C\xb2?\x91\x86\x1eln\x84\xc6\x93\xaf\x16\xed\x16\
\xb8\x82\x04,\xae\x03;&\x98\xc1U\x08\xc6\xcdo\x0d\
\xc8\xee\x1aYY\x08=\x9e\x90\x1c\xebm\x8d\x7f\x067\
J\x13\xdc+qK&\x8cR\x87\x94\xeb4W\xb7b\
\x90\xbfP\xd1\xa1\x5cN\x95\xc3r\xb7\x94!\x22\x91\xbc\
\xf3\xf5Nk\x14[78 \xaa+\x1a(\xdaa\x03\
1\x18\xc4\x14 f\xd0\xa9T[\x9d\x14\x0dL\x1d$\
`\xa009\xa9/5P\xfdU\xa4\xf0\x82\xcb-S\
\xa7\xdd\xab\xd7\x03Hu\xb45\xfa\x97RV@=S\
\xe7'\x0a\x99\xdbR\xc3#\xda\x1fb\xba\xa6\xab*\xb4\
Q\x0c0[\x9e\xa8\x99\x10\x1d\xdc\x13\x0f\xa0\xe6\xd5\x19\
s\x82\xd0\xeb\xa5M\xbd-Qp2O\xd6^\x02\xc9\
(\xeb\x9af\xf9z\xeb\x89l\xd6]\xd9P\x86_\xb6\
\x84\xe84!\xe4\xd9\xe9\xa7\x99\x0e\x0bcl\x84\xdd\x95\
\xad\xc4j\xe8\xc46\x1cq\x9dLhT\xaf=\xd3J\
\x19\xc5\xf51\x84\xb0`\xab\xafef\xd5\x07\xe4\xb2\x99\
X\xc9Y\xca\x96\xe9\xfa 9I\xf6\xaf\xae1\xf1%\
T\xa9[)\xf5!Dj\xb1\x0d|;w\xd7\x16\x0f\
\x86\xaa]\xf2\x93B\x1e\xd2\x89h\xa0\xbe\x1e\xa3\x11M\
3\xae^\xd6\xc8~\xa6\x06\x06\xa0\xe5\xcb\x017\xb6\xba\
\xe98:\xe0-6\xeb\xfa\x18\x9bb\xa0~b\xd3d\
\x80\x00\xb0\x10,\xc6r\x92\xc2\xc0\x98\x0dF\x83\x8b\x08\
^{t\x22M\xd6\xd6C\x96{G\x1eI\x84*\xb9\
\xfb\xb3p\x06{Y%!\xea\x1f\xbf\xca\xa8\x9f\x83\xb5\
&\x0as\x1f\x1dm\xbeM\x9a\x1f\x07\xe9-\xe8b\x9b\
r\x8a\x08n\x19>\x07\x92\x8b#\xe9h\xf9\x5c\xf21\
\x0f\x19\xdb\x17\xd0\x08Rd\xdd\xe5\xfb+\x9b\xe0k\xa4\
\xe4\x0c\xbb\xfd\x99fW\x12`\x97\xa9\xa01N_\xc5\
t\x1bMd,\xcfSu\xd3D\x9c\xdfz\xd7\xd6\x97\
,\x1ef\xc80\x22\xfb|\x13\x19]\xe6\x8c\x1b\x92\x84\
\xa5\x98\xde\xc8@\x11\xd2\xfc#*\xafx\xaer\x0a\xae\
\x00J\x07\x01\x9a\x9f&\x87\xfd\x04\xaf~\x80\x87\xd8\xec\
\xa7\xf3\xb4\xbc\xe8\xf0w\x89\x9f\xf2\xe1\x0d^\xd8)\x14\
\x94UpC$\xf6\x83I\xe3\x0f\xa20h\x87\xd9\xda\
\x9e#s\x94\xd0!\x8c\xdc\xf2P$r\x9bk\xd5\xab\
\x13\x83\xa11@\xfc\xd6\xe9\x92\xe1\xda\xdf\xa4Z\x94<\
\x8c\x9f\xe2\x1cZ\xfe\x03bL\x8cAC\x8d\xb0\xa3\x89\
\x86\x02\xf6\xf32\xa3\xf6\x0e\x04@\xab\x05\xd5\xb03U\
K\xa3\xc0\xe6\x0a@\xad\x0d\
\x00\x00\x10o\
(\
\xb5/\xfd`\x18;-\x83\x00zO8\x0c! \x91\
\xd2\x01\xffi\xc9\x00\xd5`\xdf\x5c\x85\x0e,\xc2jA\
\xead%\xbb\xc9n\xf2\x0d\x03\xd8\x10`\x00`\xad\xe8\
\x00\xb0\x00\xab\x00f\x85\xb7\xd9\xeb\x0f\xfdD\xcc\xf6*\
\xf3\xbe0\x13Z\xbc4t?|\xad7t\x8e\x9e]\
\x8f\x122\x84\x97\xabZ\x87\x8fF\x22\x0fOC0\x84\
\xa3\xb1\x5c\x9e\x8d\x8a\xa5\xd2<\x1e\x8a\xc5\x85\x005\xc8\
a\x91M=\xd5\x95\x1ddH\xdfX\xb1\x0c)T@\
\xfc\xb9V\xed{\x9aG\xc4\x04Id \x0b\x15\x13\x0a\
\x84\xc1\x81Cbp\x80\x89<\x11\x06\x07\x8d\xd5Y&\
\x98\xcb\x93y\x1e\x0a\xd4\x101Q\xc8h\x1e\x96I\x06\
\xc2\x90\x81x*0\x08\xcf\xc5\xe5\xc1<\x97\x0a\xd4\xf4\
6\x8f\x8c\x84d\xf2H\xa0f\xbbP\xd1v1\x1e2\
d\xcd#\xc3\x92\x80\xf1L.P\xa3\x11\x99T$\x10\
\x8a\xe6Q\x81,DT\x10(,\x96\x0d\xd4<_\xf3\
\x90\xc8DL0P\xe3\xf8\xff\x9b\xa8L(\x19\x05\x8d\
\xc3\xcc\xd0!\xb9X*1\x0a\x03\x03\xc3\xe1(\xa8\xc8\
d$\x9a\x07\xa6B\xa1\xc8@\x92\x0b\x8cA\x8cNg\
RT\xc4Lt\xae\xb7\x10\x8f1\xfdo\xfaS\xf77\
WLW\xf7\xf7\xfb\xf5\xc6\xd4\xa5\xfa\xdb\xdd\x9b2\xf5\
O\x13\xab\xd7~.\xab\x22/c\xaf\xa7\xbaf..\
rR\xd7;\xc3\x94N\x9f3\xea\xdb\xb5\xbb\xab\x9bj\
v\xfbn\xe2\xbf\xe6\xe4\xce\xfb6>6\xe5\xe3\xe5~\
\xcf\xdf\xf4]\xd4\xe4\x88\xc9Y\x97\xe7m\x96\x95\xfb\x89\
\xbb\xae\x96\xd4\xfc\xcb\x10\xa5??\xaa\xd5\x1f\xdav\xfe\
.E\xf4\x87\xffW\x89(!\xde\xdb\xdc\xea\x8b\xb0\x88\
\xd9I\xaeyhd&\x10\x90\x0a\x0bA\xf3\x11\x00\xcd\
\x83B\x99D\x1a\x01\x80\x00\xca\xc5\xa2y8T\x13M\
1\xb9,\x91\x83\xf0\xbc\xb7\xeb\x0e\xb1}\x06\xc8\xdb\xcc\
{\xc5\xcaw\xda\xdd\xf7\xa5\xae\xfe\x5c\xb7Zv\x8c\x98\
\xe7l\xed\x8e\xbc\xeb\xcdzX\xa9\xe5\xc6klm\xe9\
\xe8\x98\xff\xa5\xben}\x96\xdd\x96k\xc9\xa8\xf9\xdf\xb7\
\xe5\x8d\x1cs\xabnT+=c~\xad\xef-o\xbb\
\xb6\xba+\xde\xbaE\xab-\xac]].5\xfc\xd6\xf4\
be\xb4\xe2\xd5\xc2\xcaM\xd4\xcag\xac\xc3*#(\
\xabeS\xb3\x81\x7f\xd7\x0dx2\x10J\xf3\xa0\xb8X\
\x22\x98\x0a\xe4\x921\x09\xaa%G/\xa5\xe4lr6\
9\xfey\x8e;6\xf2\xa3'V4\xeeM\xce\xf7\xa1\
z\xa6D\xcb\xf4\xb8\xe6\x98\x9a\x93^;\xc6\xaf\xe5\xe8\
\xaf\x9f\xd5\x98\x9d\x10\xb1\x02\x07\x92\x0b\x8cC\x97\x8d\x1b\
[3w\xcf\xd8\x1c\xdb=\xb9\xfd\x8a\x7f\x133K1\
\xf5p\xeb4\xb3\xcf\xcc\xea\xce\xdc\xbf\xd8\x0e\xb1\x10\x0d\
s\xf3\xec\x8c\x0d\xf9\xd8\xben73\xbb\x99sWw\
Q\xb3\x92\x11\xba\x9f\x9d\x93\x97\x97\x97\x9c\x89\x89\xcef\
&g\xab^m\xf7r\xb7{1\xbb\xeb%\x17b\xd7\
\xf1\xf1\xdei;\x9bxw\xf7wv\xd8\xa6evh\
\x96\xf9\x96f\xe5\xaf\xa9iZ\xcc\xeci\xd9\xfd\xbb\x8b\
U\xb5[\xad\xbf\xda\x1cd\xc7\xef\xf5fl\xe9\x87\x88\
w\xd7\x8f\xfc\xbdY\xe9\xf9]{}\x99\xb8\xec\x9c\xb1\
\xce\x0d1Ummy\x1b\xd5\xb5\x03\x86\xc5\xa8\x03\xea\
m\x16\xcc\x88$%))\xa45\x93\xa0  \xb8,\
\x1e\x97\x8d\x08\xe5\xfac\x00c\xa1\x5cp\x8b\x8c\x88\x11\
\x91@d$\xab\xa0(E)HZ\x03\x89R\x84\x1f\
=\x03$\xf2\xf6O\x9f\xb7\x06w\xd1\x15\xff@\xa7\x1a\
`\x93\x05 PYX\xd7\xf7Co\x09q\xaa\xfa~\
\x16\x83\xd0B\xc0\xdf\x0e\xd3\xe3\xdc\x05\xda(\x12\x0a1\
\x8c;\xda\xa2\x97C\x0b\xcbQ\xc9\x01\xe6/\xa9\xbdu\
+\xfd\xa2\xfaC\xc1\xe2\xdc\xbf\xba\x0fu\xb9\x1e\xc8_\
\xa5\x9f\xcf\x96\x8cQ\xf1;r\x0c\x8cE\xc4\xc8\x7f\xff\
\xe0tL\x82\xaa\xcd\xa3\xad\x9b\x9e\x08\xe3JM\xf5\xc1\
\x88\xd2\xb9B\x9aZU\xee\x86T+\xd0\xa0c\xea\xad\
\x8d\x18\x0a\xd6\x1d\x84\x80\x85\xb3\x9d\x99\xd8\xf7\xd1\xf3c\
\x12\x10\xcc\xe5\x96\xe6\xc8\xc2\x8eD,\xad\xba \xc2\xea\
\xb6\xb0\xd2\xeep6\xa9\x91\xa2\xba\x1d\xbaa\xed|\x95\
6e\xa10\x1d\x98&\x5cT\xf9A\xa3S(\xa4\x14\
R\xfeX\xca\x1b<\xfb/\xcdKM\xd4\xce\x1f;\xa0\
\xa03\xb8\xb0cr4\xefF\x89\xa3\x5c\xbf\xf17U\
<\x8d\x95SZ.\x13\xecd\xac\x85\xb67\x5c\x130\
T\xa6\xde\x8a]p(u\xc3\xd6\xa1\xfd\xcb\xaa\xb2\xd4\
\xd7\xe5p\x9d\x9e\x0ds\x99\x99G\x94\xa0j\xd7\xdfP\
\xe3\x99\xecJ\x8d\x10\xbea\x7fi\x07\xec\xef[\xe8s\
\xe6\xc2\xef\x8c\xac\x8fJbpbx\xe8n\x16C\x08\
\xb7\xf8\xb6\xa64\xbb!\xd5 \x9b\x1b\xe4o\xa3\x92\x07\
\x85\xc5~@\xadUVe\xcd\xfa\xff\xfb\xf5\xb8J\xa0\
\x09>\xde\xeb\x963em\xab\x09\x8a\x8e\xcb\xd2Ba\
\x97\xa4\xe6-o^\xb2\xd3F \x07$\xd4a\x16Z\
\xc3](\x89\xc9\x12\xd9Y\x9ci\xaa\x9d\xcd\xaeeG\
47\xb1\xfdn\x92\xb1\x13%-REe\x06D\x1a\
\xe8j\xc8\x22D\x12!,Q\x91\xd9\x1d\xb9\x05\xc9\x13\
t\x0e\xf0\x92\xf2v\xaf\x0c\x11\xa3\x14GZ\xee\x22\xd1\
Rax.\xccDn\xcf\xa6\x1d\xff\xaa%\x1a\x1eV\
=\xbb:\x1c\xbcW5x\x90\xfb\x22\xbb\x8dF\xd62\
1\xc61\x1f\xd5\x1bH0\xd5\xf5rn+\x8a\xc1\xec\
T\xbdD\x19\xb6\xfb\x9fSE2\x80\xfa\x86\xe5\xc6\xab\
\xc7{\xfee\xe9\xd5\xaf\x01#(kY\xd4\xf3_\xa5\
\xf4\x83\xbeG\xd9\x9b\xf24\xe2\xd5/\xce.\x9e\xf4\x97\
\x91\x82\x96\xb7\x8b[V\xdf\x5c\xdc]\x92\xf2\x12B\xfa\
\x0e\x062\xa0\xed~\xbb\xca\xef\xb6\xecJ-\x80\x0f\xa9\
\xc2g\xd2\xae\xa1\x0a\x86\xeb\x04{\xba(]bY\x91\
t\x8fDs}\x0c\xb5+\x83LR\x9a;\xe6\x9b\x97\
j\xc4\xdf\x9d\xcd\xdeJ[\x17\xf0\x10\x01\x04^\x89\x01\
a6\xbf=\x9d\xb4T`@s\xfb\x5c']\xc4\xab\
\xad\xc8\x13}\x01[\xd7I\x17\xadN\xcfe\xdea\xf8\
\xee\xc2\x98\x8ci\x8f\x10\xbdq\xdc\x00S\xae\x7f\xdb\x94\
\x9b\xddG\x93\xaf\xa4\xb3<\xea\xa7\xa6\xa5P\xdf\xc5\xff\
9\xf5\xcak\x0b\xb5\x87\xcc\x99\x8f&\xb0\xd6;\xa85\
\xa6\xd6\x0e7(\xb3\xe3[\xa1\xd2W\x14!\xffC\x9e\
\xb8G(\x0bdh\xdf\xbc\x06\xfb\xcfD\xfc$\x18\xf7\
\xa6\xa8xPl\x90\xc4Vt\xcd;\x19 \x92\xdbE\
\xf4\xf1\x11\xe7\xdb\xb7\xd5\xde\xabh*\x84\xc5\xc2\xa0\xae\
\xcf\x19\xe5\xd0BdH\xc3\xe6\x83\x8c)RA:\xf4\
\xa6(\x84\xe9\x14\x138p\xed`\xea|\xaf\x9c\xedt\
\xcd\x8ei\x88*Kv\x09\x91H\x07\xbc\x10\xdd\x1b`\
\x16\x8c\x88\x0d\xac\xf7/\xaf\xc0f\xb8k\x7f\xcb\xcb9\
\xbf\x02t\xec\x12\xa2\x11\x01\x98\x8d\xecU\xe2\xe1I\x98\
H\xfd,\xff\x98g\xd7@\x14F\x7fI\x03\xa3G\xa8\
\xa9\x1e\xa3\xe7\x19^\xe9\xdc\x1bz\xe4\x1br\xab&\x00\
?7\xc1\x01\xa7\xf7\x87p\x0e\xd5\xffATzI\xe7\
!\xc6\xd6$\x064\xa1V)\x7f;\xfac\xcdP\xe3\
g\x8a\xde\xd3n\xe1\x8f\xd8\xb9R\xfa\x5c\xa7\x04\x80\xff\
Z\x10\xec\xc6@u\x08\x5c\x88\x84\x8d&\x08\x11;\x14\
/7H\xbawA\x0f5I\xf4\x93\xf9O\xf3p\xc8\
vL\x03\xc1Q\xa9\xfb\x84\x8e\xb6C\x1a\xc6\x06\xdb+\
\xf8V.\xb1\xba\x0cT\xf1P\xca\xf7\xda\xf0\x8b\xf8y\
V\x9fb\xdb?]\xe4\x08n\x5cu\xfa\x22\x98P\xd7\
\xd8\xe9\xa9\x81c\xf5\xb4\xc6\x9e\xdb\x9eoz>l\xb9\
q\xf6\xd35\xb9\xea\xc8GT\xde0\x8c\x03\x22@\xdc\
\xc9\xb6h\xfe\xf5\xf1TD\x18?\x96jah\x05\xaf\
\xd0\x8a\x9b3\xbf\xa0\x875\x94\xf4\xbd\x9a\xbaO\xa80\
\x04\xe3\xfd+\x88T\xb1\xc2s\x872\xb6Y\xcc\x87\xa0\
\x82R\x12\xf3\xdc\xc5h\x09\x08E\xc00\x17\xd3\xe7\xb4\
;.g\xea\x04<Q\x0av\x07\x02\x06\xbd\x1f\xc2\xbd\
y\x98\xa1}\xde(^\xe5\x07\xdek\xebZV\xfb\xcd\
R1|@\xbd-\xf1\xb4\xd2\xca|G\x02G\xec\xc6\
\x16WHc\xb0\x80;\x07B\x931\x5c9\x17uf\
w\x19!\xce\x169\xcan\xed\x88\xaf\xf2\xd7\xcatm\
\x5cK\x99B8`s\xa5\xd5\xe3'E\x0b\xaa\xd5\xbf\
\x1c\xd8t\x14(\xccYz\xe2\x03\xbe\x93\xa0)4\x95\
\xa4DF\x82\xc6\x02a\xb8\x03y0H\xccB1\x19\
6\xe2y\xe5V\x03)\xd7Me\x05\xe9[\x0f\xf8}\
\xee\xdb\x80M% \x8feB\x22\xff\xd8A\x8bb\x15\
I4\x0f\xa2\xb3\xbdq\xad\x97M\xf9CC=1\xee\
\xa2q\xfb\x92g\x0b\x98\x82\x8c$\xa3\x09A\x98\x94\xb4\
\xc8O\xc7\xb2lRv\x93\xec#U\xc2\xfe\x15\xecO\
\x16\x04\x06\xab\xd4\x18\x8a\xfdMN*\xd4\x82\x01\xf0\x01\
\x93\xa6\xcc\xee3\xd8\x1c0\x0dJC\x94v\xcb\xf8\xa6\
-v\xf1R\x1eT!;V\x17\xd45Q\xeeQ\x81\
-\x9b\xb2\x0b!OX\xf6\xe8\xffG\x07\xdd'\xf2\xd8\
{\xa4\xdb\x19h\x1f\x0a\x8c\xd9\x1d\x91u\x02\xd2\x92$\
\xe4R\xc0\x0d\xa2.4\xcdA\x934\x91\xb5\x846\xbf\
C \xf2\xabx`\xe3:F\xd7\xd1\x8a\xbfq\xd6~\
i\xa0Ml\x8e\x08~\xb7\xda\xd9!\x94>\x15\xea\xd4\
\xb9\xc0\x84\xd8\xd0\xa3(\xd2:\x18\x0b\xa5\xa4,\xa4\x1a\
\xa0\x062`\xc2\xb9\x82\xf0\xa02\xed\xb0*n\xeeu\
\x01\x92K W\xbf\x92\xe5\xb6\xc5\xcbK\xc9\x1a\x8e2\
\x86\xedj\xf2\xd1j\xcc\x86\xea\xb4\xa9n\xdfb\x14g\
\xd4\x15\x09bCX\x13\x1c\xac\x16\xd1`J\x9f\x87\x9f\
s3:a\x94\x1ef{Fc4\xbd\xab\x09\x9dM\
\xe9\xdf\x98)\x04\xdd\x0b\xaf\xad+\x94\xfc*}\xb3K\
\xf7/\xa0T\xa30\xf2\x8d\x9772_\x1d\xebu\xdd\
8\x06(\xf8\x05z\xc8t\xec\xa8yWg\xa1\x11H\
\x9c\x1fD*\x89\xd6\x91\xda\x7f 1\x84\x19! \xa6\
\xbf\xb72\x80\x057\xc34\x83\x9b\xb8\xc8\x06<\xa2a\
j\xa5\xe4\xf5\xe6-\xfd~!\x91\xb7\xea \x93\xf0\xc6\
@jqD\xa5\xae\xd6\xe4\xbem\x02\xbd\xd5\xb1\x98\xf8\
\xe9e\xb0|\x90\xc2\xb3\xb1\x80\xcb_hd\x03\xc4G\
\xd8\xd1,$F\xb4\x8b\xd3\x80\xd4P\x06C<~\xc5\
^\xbao\xc1cs\x06\x96}\xedI\x8b\xf9F7e\
:\x89\xbe\x1a\x16Xa\xda}\xfd\xaf\x91\xef\xba+h\
x\x14lP\xadS\xe4\xfd\xeb\x7f\x0e\xb4\xf8$\x0a{\
\x93\x94\x11\xeb\xbcW\xc5 :.~!\x08\xcc\x06%\
\x1cY\x0a\xd5\x19u\xa9 \x10)\xb7\x81z\xee\x17\x89\
9\xad\x10\x92\xdc\xc9\x9dV\x1aa\xf3\xc2b\xbc\xc2^\
\x9f\xce \x8a\xe0\x22<\x1c\x81!\x01a\xfd\xf2\x00\xd2\
J\x97\xfb\xac\x8a\x10G`\x09\x7f\x8d\x99. \xae\xb6\
,t\xcb\x15-~\x80\x9a\xfc\xd9]\x01=\xab\xbf\xc6\
I#\xbaI\x8e/\xf1r(B\xf6)\x00\x96\x22\x84\
\x06\xb7\xe4Q5^\x9b\x7f\x1c\xeaK\xbf\x9c\xab\x87\xc9\
^\xbe\xf0\x17\xac\x912=h\xfe\xd4sqa\xbc\x1a\
.\x17c\x81\xa1Ax\xa7\x18\x18\xf2\xa4\xda\xcf\x05\xe1\
6Wj\xe7\x99\x03By%\xe8y\xc6\xabg\x94\xbc\
\x99=\xf0\xfc\xbc\xdb\x04&\x12\x88\x9a\xcc\x94D\x86\xa0\
1\xab\xc11\x07\xb02\xef\x09\xe7'7X\xc3\x93\x04\
U\xc5\xa5\x8d\xc5w\xa58\x06\x92\xa3\x8d\xc2\xffJ\xb8\
\xf3\xa0\xb9^\xe2(QbG\xac\xca\x1c\xd8\xfa\xd5T\
\xd3~`bM\xe0\xd5\xbc\x87\x93\x0b\x14|;\x0ab\
6'VV\xb8\x1e\x11\x22\x14\x0d\xfd:\xde\x11\xb8i\
\x174\xea\x1c\xdbAY\xa1\x09\xd9\xb8m\xcb\xcc\x95\x0d\
\xa3\xef\x13\xa4F\xc0\x11OW,\xec\x85\xa5<\x96w\
\x1b\x87\x01\x99Fg\xac\xfe\xf2\x18\xa2p\xa9(\x14\xf3\
\xd4)y\x96\x1e5wL/\xf66\xa9\xeb\xd3E\x01\
NG\x81\x04\x9d\xb7Y\x9f\xb7\xc4v\xadO4k\x9e\
\x06#\x80\x1f<\x05\xd9\xf9\x04\xbf,4\x06\xa8\x0f9\
\x02![\x22<`w\x06*s\x04\xa3\xbd\xd5\xeer\
\x80\xe9\x0cj\xd1\x95\xf1j\x89\xe9\xd4A~\x94\x87\xe6\
\xd0\xc7\xf3\x00\x09=\xafc`\xe8\x12\xcb\x9aKW\x92\
\x9dcF\xa8\xc1n\xc3Z5'\x1e:\xa7\x82,s\
M\x16k\xe8<i\xc2\x9b\xf9\xe4^q\xffo\x04\x04\
\xa8\x13\xa4\x94\x5c\x1fj/j0[m\xf4\xda\x8c\x89\
\x1e\xa0I\xb5\x84\xf6\x10*+it\xdb\xf8\xfc:\xae\
\xdd\xf7\xb9\xf3}\xc1\x1a2\x82\xd4Mm'\x98@(\
\xf8<\x09\xda\xe3`\x80\xac\x12\xee\xb4A\xb4\xd03\x02\
\x03D\x0b\xe5\xf3\xf9M\xad u=\xda\x1b\xdbJ\xe4\
\xb9\x8e:\x83\x7f\xceVZ\xed\x0a\xb5\x99\x938H\x15\
\xc5\x13\x0b\xbc\xbdK~\xfd\xaeM\x98\x08 \xe1\x0d,\
?\x08u\xe7A\xf9\xbcQ\xaey\x0c#\xf5\x0d\x00F\
7\xbdL\x0b;\x8b^b\x18$\xd5\x9b\xa0C\xaak\
\xb7\xb2|E#Z\x10\xbc\x1f\xfc\xc1c/#\xbfQ\
d{He\xec\xd7\xa5S\x8bD\x8ae\xdb\x03$F\
\xa1\x1d\xed\xa1|\xec\xb9\x86\xdf\xd7I\xcd\xf3+Q\x22\
D\x87TW\xba\xa0\x02\x0a\xae\x81\xcdJ\xb9\x00\xd3\xcc\
\xd6\x93\xc5\x13\x06:\xe1\x86\xc0\xc3\x80\xec\x08\xb6af\
\x1b\xc6\xc0xJ\xb2\x9c(^J'U\x9d\x0d\x22T\
\xb02\x1d\x08MJ\xfc\xc5\x11\xceQ%:\x11\x93\x1b\
\x00\x07gB\xbd\x9fT\x04\xe0\xd1\x83\x7f\xd5)\x87^\
\xf1'\xc5\xd3\xa5U\xa9o8K\x5c\xf5\x18A\xd2\xca\
3Z\xf6_\xc3WL\xc6p\xe2\x8a \xdbtT\xa0\
\xc3d\xe2\x98B\x8eC\xe5\xa5\xf4p\x1a\x0a\x8eK\xdf\
m\x0c\xe6V\xe6\xc8@\x95\xb3GC\x9a\xbd\xc6\x04\xf2\
\x1aE\x09\x7f\xc0,\xf0\xed\xfa\x0b1\x19X\xffA}\
\x0a\xc6\x17\x22]\xa7\xf7\x0f\xde r\x84\xeb\xa3\xba\xb6\
\xab\x0fZ\xace\x179d\xa0X\xab(W\x03\xb8\x94\
\x09\xa1\xf1\xbc\xdb\xf2o\xab\xd7<\x1a\xfc\x989~\x90\
\xd5\xccJ\x5c\x03\xc7y>d\xb8S\x8c\xfd*\x95\xea\
\x8e\xa59\x19\x85\x85\x14\x87\x1f\xb8\xf2\xda\x80\xac\xc3I\
c\xea$#\x22%j\x8dEC\x12\x1d:E\xfeb\
>\xb7\xa7Jr\x05\x85\xa8%B\xc9\x0a\xf3\xfc\xe4\x8b\
P\x01{3\xe5\x92p\x96\xba\xa1+\x10\xd3\xd8\xa0\xb0\
17\xa1\xff]\xd8U\x97F9)\xd2\x99\xd4\xb8S\
flX\xc0\xf7\xff\xbd\xee\xc3p'\x81Z\x9ea\x9b\
aM&\x09\xf1\xd3?]\xe08\x9e\xe0\xd0\xdf29\
\xec\x13m\xe6\xb0\x80\xc8NK\xee?\xe8\xe1\xb2\x92\xad\
\x8e\xdd;\xd5\x9bu-s\xd6\x93\xf4\x9e\xb5_\xea\xa2\
\xacX\xce\x94\xb0X\x16j\x8au\x88<\xe4\xcaaI\
\xb7fK\xc1\x0d\x92\x0b\x8aI\xe9\x0d\xbc\xc7$\xda\xf0\
RA\x80\x06\xe8\xbe\xf3\x07\x9d\xa5\x8cH\x8dZl}\
\xa6\x0f\xcc\xe9\x84\xbe\x8f\xa4\xf1\xea\xf9\xeb\xbb\xc3\xab\xfc\
\xe0K\x8d1\xed\x22\xdf=m\xf9l\xea\xe8\xf4\xb5U\
t)+\xdca\x0e\x8ap\x8bA8\xa3\xfd\xf4\x97\xe8\
L\xf7\xd1\x95\x97*\x04\x03%\x10_\x92\x1f\xea\xf0\x0b\
\xf8>\xc8\x80s8\x92#\xbc\xc2Z\x92\x89To\xf3\
\x88+\xdb\x19\x0eb\xe7NX]\x08\xf3\xc2\xbc\x0d0\
-\x86\xe3\x19@\xf9\xc9\x90e\xf6\xc7u\xb2\xaa\x95d\
\x18\xb9q\xf1\xd9\x02\x9fQ~\xb1%c8\xe6\xee7\
\x91(\xfa\x0b]\xc7\x9f\xeeH\x7f\xef\xe3\xd1;\xd7\xb0\
\x14A\x03 \xe4\x0cV\xe4?\xb2\xd5\xc6\xd1\xf5>'\
\xf5\x04\xe4\xdb#{g\xe6A\x13Z\xa6\x89F\xe9\x9c\
h01\x08;5\x0b9(\xd6\xed\x9cD\xf0\xae\x9d\
\xbc\xb8\x1b\xf0\xe2\x97\x115\xa0\xfe\x10/|\x12@T\
35\x1f\x95\xdd\xd5k\xa5\xbb\x817>\xf9\x85\x93r\
\xccg\xb8\xf2\x12\x15\xc5\x05'*\xaf\xbe~\xa9\x17\x86\
]\x984\x8dI\x9b\x92\x81\x80v\x11\x85\xbfj\x9b\xa1\
\x9e\x22\xc0/\xdb\xed\x97p\x1a\xe0\x9fd\xfcG\xbe\x81\
\xc7\xc4U\x8b\xd8\x10\xa3\x94\x02\xa3\x9a+\xd5\x09\xc3\x9e\
\xe4\x822\xbc\xeeGb\xde`O\xcf\xc6T\xc7\xa3\xd7\
\x98N\xceI\xb2J\xb0\xc6@\x89\xb1\x8b\xa9\x18\xef5\
i\xb1\xc38\x93\xa7J\x9f\xc2\xbet.\x13\xbd\xb4\xfd\
&\xd9\xd1i\xae\xa5\xff\x9bp\xb3\x89\x99!\x87 Z\
G\xaa\xe7\xecT\xee~x\xe2\xf4\x8d/\xb3\xdeH\xca\
\xf8'\xdf\x98U\xdayj\xda?\xe2\x12\xce\xcfq^\
!B+\x0ev\xd2\x1c?\xfdP\xd8U\xae\xf4\x82\x22\
\x0c^\xf0\xdf\xd4r\x9a\x867P\x95\x0f0\xb54\xf0\
\xac\xdf\xf9\xe1\x0eo]\x82\xf9\xef\xf0\x96\xbbG\xcf\xf4\
\xd2\x87\xc7P\x89U2\x9f\xc3\xe1;\x0b\xcf\x0b\xfa\xc1\
\xa6*uRm\x18\xfe\x85\x8d)?\x9a\x0d\xad7\xe3\
a\x99\xf4b=o\x16I\xb8\x0d\xee\xd0\xba\x09,\xfc\
\xa9h\xd3\x03[\x9d!\x07\xc8\xb8\xa5.\x1az\x1d;\
\xa4\x9c\xc7]\x15\xa5\x1bjr\x99\xb9\x8d\x00\xf40\xe8\
\xb3\x8arFO\x8cD\x09\xbeD\xe4\xbfZ\xf5\x1c.\
o\xace\xd1\xff\xb8\x04\xa1\xab\xad\x1by\xc4\x91\x07\x88\
\xd2\xf5\x1f \x11\x87<\xa9\xf8Xe\xf3\x1a\x85\xdf\x82\
\x00\x8e\x83\x14\xde\xcf\x8f\x03\x1dh#\xd4!3\xa0\xc9\
'\xbaaG\xe6\xccS\x13J\x8a\x15\x80=\xdd\
\x00\x00\x04\xfb\
<\
svg xmlns=\x22http:\
//www.w3.org/200\
0/svg\x22 xmlns:xli\
nk=\x22http://www.w\
3.org/1999/xlink\
\x22 width=\x2216\x22 zoo\
mAndPan=\x22magnify\
\x22 viewBox=\x220 0 1\
2 11.999999\x22 hei\
ght=\x2216\x22 preserv\
eAspectRatio=\x22xM\
idYMid meet\x22 ver\
sion=\x221.0\x22><defs\
><clipPath id=\x22d\
57bc6cb75\x22><path\
 d=\x22M 0 0 L 11.2\
5 0 L 11.25 11.2\
5 L 0 11.25 Z M \
0 0 \x22 clip-rule=\
\x22nonzero\x22/></cli\
pPath></defs><g \
clip-path=\x22url(#\
d57bc6cb75)\x22><pa\
th fill=\x22#8c52ff\
\x22 d=\x22M 5.734375 \
0 C 2.582031 0 0\
 2.582031 0 5.73\
4375 C 0 8.89062\
5 2.582031 11.47\
2656 5.734375 11\
.472656 C 8.8906\
25 11.472656 11.\
472656 8.890625 \
11.472656 5.7343\
75 C 11.472656 2\
.582031 8.890625\
 0 5.734375 0 Z \
M 8.03125 6.3085\
94 L 6.308594 6.\
308594 L 6.30859\
4 8.03125 C 6.30\
8594 8.375 6.082\
031 8.605469 5.7\
34375 8.605469 C\
 5.390625 8.6054\
69 5.164062 8.37\
5 5.164062 8.031\
25 L 5.164062 6.\
308594 L 3.44140\
6 6.308594 C 3.0\
97656 6.308594 2\
.867188 6.082031\
 2.867188 5.7343\
75 C 2.867188 5.\
390625 3.097656 \
5.164062 3.44140\
6 5.164062 L 5.1\
64062 5.164062 L\
 5.164062 3.4414\
06 C 5.164062 3.\
097656 5.390625 \
2.867188 5.73437\
5 2.867188 C 6.0\
82031 2.867188 6\
.308594 3.097656\
 6.308594 3.4414\
06 L 6.308594 5.\
164062 L 8.03125\
 5.164062 C 8.37\
5 5.164062 8.605\
469 5.390625 8.6\
05469 5.734375 C\
 8.605469 6.0820\
31 8.375 6.30859\
4 8.03125 6.3085\
94 Z M 8.03125 6\
.308594 \x22 fill-o\
pacity=\x221\x22 fill-\
rule=\x22nonzero\x22/>\
</g></svg>\
\x00\x00\x05\xf5\
(\
\xb5/\xfd`f\x17]/\x00\x16\xa9r#0\xab\xb6\
\x01\x03\x82.}\x9fuK\xed+\xff\x8c\xb1\xd8x`\
w\xe8=\x85\x96$%\xa5t']?\x22\x22\x0a\x0c\
|\x00n\x00Z\x00\x09\xc5J\x8cH\x11e\x02M\x10\
\x04Q\x0a\x8c\xe8\xe0\xb2\x1a)\x9a\x9e\x84i\x01I(\
\x05Pe\x02Q\xa0\x89D-\xa7\xab\x99\x1c\x8d\x08r\
\xa8\xf5\xff\xdf\x0eW\x15s\xc8T\xa5\xca\xd5\x5c$\x03\
\x0b\x14U\xd4\x82h\x88\x22\x8d\x07\xb2\x9a\xc8\x83\xc0\x88\
\x14@$)B-\xdd\xd58&FdQ\x8b\xf9\x7f\
u\x88D\x8f\x0b\xc1b2s\x99\xc6DB\xb6\xa0\xc5\
ba\x18\x02\xc949VC\x89< \x17\xd5\xa8P\
\x12\x01\xd8\x8e\xbf\xa3+\xa7c\xf8J\xff\xb5\xe3\xfc\x8c\
\xf99\xfedV\xfd\x14[\xdco\xef\x9a\x22+GS\
1U\xa9\xaf\xf3\xa2\xae\x04X\xcd\xe3\x115\x08\x00\x04\
<&\x0f\xabi0\x09\x05\xb3\xa4\x09\x14\x11\x91\x22\xab\
\x81\x1e\x0f\x93\x01\xb5\xd4B\xcb\xe7d\xdbXs\xed\xa8\
T\xce\xcdn\x13S\x1dH\x1e\xc7x\x1azz\xc1\xb0\
\x1aF\xa4\x1c\xd3\x83 \x89\x1e\x8b\x84\x82\xd2\x001\x02\
\x0d\xdds\xee\x8e9|\xffMluo\xbf\xefX\x22\
c\xef\xe9-\xbb5lu\xa8\xccY?r6\x5c\xa7\
\x9d9\xcf\xa6\xfb\xfd\xafN\x95\xb9\xc6\xc8\x8c9\xea\xb7\
NoL\xd5\xcd\xfb\x1cg\xcf\xd9\xc76_~>\xe5\
\xae\xdb\x8b\xd9\xcf\x9ce#\xe7.{\xaa\x9f\xb17T\
u\x97\xc9\xc8\xd9\xda\xc8\xea\xcb\x01\x8aF\x85\xc2\xb4\x93\
\xca\xd8\x98\xe3\xe6Eg\xf6^t\xfa\x12]\xb3W_\
n\x8e\xae\xca\xe9r\x1fj\xea+\xb3\xd7\xdc\xd4\xf7\xdf\
w\xcf\xc9\xefn\xef\x86\xc9\x1c\xb7os\xbc\xcc\xad\x9b\
\xdd2\xd7P\x19+\xdbWu\xccO\xd5\xf1\x1b\x9b\xea\
\xcf\xd6\xae\xa1\xab\x81\x98\xa2\xc5#\x91\x06V\xeb\xe4\xd7\
\xed\xad\xcb\x8e\xe6\x0b\x82I\xa8\x82\x95\x86fH\x0aR\
P(l\xac\x01\xa20\x84\xe1cH\x93d\xea\x01\x82\
x(F\xc0\x14\xf0\x1a:\x91pFRRR\x8f\xca\
pS\x1b\x93\xc7\xe5{+\xa2V\x1b(4\xdeDy\
=j\xe2\x13J\x05\x05\x05!P\x17g\x09Cm\xd4\
\x08\xb7\xa0\xfd'Tc\xbdP7&\xc4Q:d\xe5\
\xd4\x1f\xcf*\xc7\x9a/M\x9b3\x9cC\xa4\xd5\x80h\
\x98/T\xd8\x02\xa4s\x08i8\x1b\xc4`S\xf7\xaa\
\xccI\xa6\x11\x06f\x01\xd7\x0c\xde\x85~\x82a\x9fE\
\x90\x9a\xf1.K<jS\xf0\xf0!2\xf2\xac\x99q\
\xd5\xc6\x0c]l\xc8\xaeG\xe9?\x0e\x05\xd0\xc5\xcbY\
\x1apcBy\x8d\x0d%\x9a\xa6WP\x15\xd2\xd3)\
\xad;\x80,\xf72\xc3\xd4\xfc\xe9\xafN\xc2>\x9d\xce\
?\x89]W\xfc\xb1\x18\xd7Y<\xc8\xb2\xcd\xed`J\
hrdHA\x10\xb1\xde \xa9=\x80\x08\x00\xee\xdf\
\x06\xf5U\x07,\xe4\xe1\xe0wx\xd7\xe9\xdc\x98f\xe0\
X[\xdcx\x0b\x88\x05\xf7i\xc9\xf5\xa8\xa4\xca\xd5\xe0\
\x0dB\x16^\xec\xab\xba\x0a\xc0.\x12r^\x8eU\x10\
\x1a=\xc9\xc7\xf9\x02v\x19\x90\x82\x91\xaf\xd2\xe8\xf8\xe5\
v\x85=\xa9V\x17\xc2u1Z<\x9c>\xce\x914\
\xe2\x8f\x96f\x81\xc9\xde\xc2n|\x19\x82R\xf6A;\
5\xe5\xae\xb8S\x926\xd7\xad_777C\xd5\xd5\
H\xfd]T\x09\xb9\xd5b\x8fo\xc4\xe2\xb9t\x9e\xad\
\xc1z4\x0d\x90\xde, 5\x81\x5c|\xbdM\x11\x80\
\x98G\x14z\xb3\x15J\x0e\x80\xc8\xb3`tQ\xaa\xc4\
\x19\x10\x10\x11\x80\x10]>\xd3\xd1\x02\xfb7\xb3b4\
\xb7\xe7\x12\xd9<D-\xf5\xe6Vl\xa8\x8b\xb2\x06\x0f\
\xbe/\xd7\x17:\xd4\xb0\x7f\xc8\xc1WZ4\x88\xd0#\
\x1bt\xee\xbc:L\xcb\xf3=)\x13\xedXS\x11@\
\xc9\x00\xbf\xc8\x06\x9e\xa5\x1e\x1a&*/V\xa2RA\
\xc5\x94\xc4s\xe8\xf2\x06\x9c\xd4J\x09 .\x08\xb8U\
\xe6D\xc6\x99\xd8\xb8l r\xaeq\x1e\x95\xe5\xce\xf5\
!\x93\x0fW\xcc\xc9F\xc3\x85v\x94\xd0\xe8]\xdf\xc6\
4Z\xfc\xdf\x83Y\x9a\x81{\xc8\x8a\xd3\xcb\xdd\x09*\
\xf9\x1d\xc4\xe89\xa1\x85N@\xa25n\xae.\x8c\x81\
\x1d\xe4I\x22F\xf1R9\xa1\x89\xa1\xb7\xb7\xec'\x1c\
D\x82\x04\xeb \x02\xc5\x90\x99\xb2\xe2%^\x95V\x14\
\x17\x8dE2\x99S~8\xb3L\xc6.1\xbe\x9d<\
\xd0\x10\xd8\xb4\x1a^s\xf7jJ\xcd-\xbb\x8at\xf6\
G\xb3lcK`\x17\xfb\xce\x11PVl\xc5\xd5\x84\
\x15Baq\x93\xb6\xfb\xb7o\x1b\xd2\x0ey\xbfs\xad\
\xa8\x854\x9cy\xe0<\x87F\xe5\xb9\x85o\xbc\xf1+\
Q\xc8\xb2vg\x10\x0c\xd3\x84{\xd2\x1b\xa5m\xc8\xc0\
\x96f:\x12\x15\xc7\xfd\xe1.\xd1B\x99\x8b\x81\x88\xf1\
&\xf9\xeb\xaa\x22(k\xcc\x8b\xb2@\x86j0\x99m\
]\x8e\xd7\x5cYsXk\xce0\x80\xc3Y\xe3\xe2\xaa\
\x1f'\xc6>\xa0*\xaa\xd59\x8c\x80\xe7\x06L\xbb\xac\
\x8cE[\x89'\xa6\xcd\xe8H\x14\xcd\x17\xa2\x18\x0c$\
\x94\x91\x22N\xdds6Kb\xa8\x1a5u3\xb1\x9d\
\xee\x03\x01;\xcd\xf5.\xec[\xaaS\xeb\x08\x12\x8b\x7f\
\xcb\x87\xac\xb3\xfcq\xb2p\xb5\x02\xa4\xf9\x0d=\xc9J\
\xe5j;\xf3H\xe2$v\xce>_?\xc3\xa7\xf7\x9b\
$J\xce\x82\xd5oE\x16ve\xcft\x0c\x9f9\x16\
\x80\x8c\x1c\xc7\x9c\xbe\x153E\x1e\xb80\x9c\x16\x88\x99\
\xb4K\x97l\xc8{h\xc0\xeao\x80\xd4\x9f\x0f\xfb3\
'\xfb]\x95\xcc0\x00\x86x\xe2\xafjx\xb4\x9e\xa0\
\xac\xe7\x01S\x8dy\xcd?\xdbJR1\xad\xb9\x05P\
\xec\xb3H\x0c\x00\xea\xa0\xad\x98}5\x8f\x17\xc6\x16\x85\
v\xa5`\xa0\xc9\x18\xff\x0e`\xca0W\xa2\xccc\xc2\
\x81 |\xeaM`\xd2\xbe=\xf3\xd6\xcf8\xda\x16\x94\
~\xb1\xf9\xbc#\xb7E\xfe\x0d@\xa7*M\xfaD\xb6\
\xe2Jk\xf4\xcb\x13t=l\xe3n\x00\x8e\x1b\xe80\
{\xe9\x11\x15j\xbb\xd4,y\x9d\x9e\xb0h\x9d-\xeb\
\xa5(\xd8\x06{*\xd4\x18\xb8\x85\xbc_]\xdcLP\
\x0db\x9e:\x90a|\xc2\x05?[\xe9K\xaf1@\
\xa3~.BY\xd2\x5c\xb9\x0d=HX>\x9a>\x92\
\x95iB\x1b\
\x00\x00\x10\x08\
<\
?xml version=\x221.\
0\x22 encoding=\x22UTF\
-8\x22?>\x0a<svg xmlns\
=\x22http://www.w3.\
org/2000/svg\x22 xm\
lns:xlink=\x22http:\
//www.w3.org/199\
9/xlink\x22 width=\x22\
32px\x22 height=\x2232\
px\x22 viewBox=\x220 0\
 32 32\x22 version=\
\x221.1\x22>\x0a<defs>\x0a<c\
lipPath id=\x22clip\
1\x22>\x0a  <path d=\x22M\
 0 0 L 30.695312\
 0 L 30.695312 3\
0.722656 L 0 30.\
722656 Z M 0 0 \x22\
/>\x0a</clipPath>\x0a<\
/defs>\x0a<g id=\x22su\
rface1\x22>\x0a<g clip\
-path=\x22url(#clip\
1)\x22 clip-rule=\x22n\
onzero\x22>\x0a<path s\
tyle=\x22 stroke:no\
ne;fill-rule:non\
zero;fill:rgb(6.\
27451%,5.882353%\
,5.098039%);fill\
-opacity:1;\x22 d=\x22\
M 15.253906 9.51\
9531 C 18.449219\
 9.460938 21.082\
031 12 21.140625\
 15.191406 C 21.\
140625 15.253906\
 21.140625 15.30\
4688 21.140625 1\
5.363281 C 21.17\
5781 18.554688 1\
8.621094 21.1757\
81 15.425781 21.\
210938 C 12.2304\
69 21.246094 9.6\
17188 18.6875 9.\
574219 15.496094\
 C 9.574219 15.4\
49219 9.574219 1\
5.402344 9.57421\
9 15.363281 C 9.\
539062 12.1875 1\
2.074219 9.57421\
9 15.253906 9.51\
9531 Z M 15.875 \
0.015625 C 15.01\
1719 -0.015625 1\
4.144531 0.02343\
75 13.292969 0.1\
40625 C 12.98828\
1 0.183594 12.74\
2188 0.394531 12\
.652344 0.6875 L\
 11.804688 3.453\
125 C 11.726562 \
3.691406 11.5468\
75 3.878906 11.3\
125 3.960938 C 1\
0.914062 4.10546\
9 10.519531 4.26\
9531 10.136719 4\
.449219 C 9.9140\
62 4.554688 9.65\
2344 4.550781 9.\
433594 4.433594 \
L 6.875 3.074219\
 C 6.605469 2.93\
3594 6.277344 2.\
960938 6.039062 \
3.144531 C 4.937\
5 3.980469 3.964\
844 4.960938 3.1\
32812 6.050781 C\
 2.945312 6.2929\
69 2.917969 6.62\
1094 3.0625 6.89\
0625 L 4.417969 \
9.449219 C 4.539\
062 9.667969 4.5\
50781 9.929688 4\
.449219 10.15234\
4 C 4.261719 10.\
535156 4.101562 \
10.929688 3.9609\
38 11.328125 C 3\
.875 11.566406 3\
.6875 11.742188 \
3.449219 11.8125\
 L 0.683594 12.6\
67969 C 0.390625\
 12.757812 0.175\
781 13.003906 0.\
140625 13.308594\
 C -0.046875 14.\
671875 -0.046875\
 16.050781 0.140\
625 17.417969 C \
0.175781 17.7187\
5 0.390625 17.96\
875 0.683594 18.\
054688 L 3.44921\
9 18.910156 C 3.\
6875 18.980469 3\
.875 19.160156 3\
.960938 19.39453\
1 C 4.101562 19.\
796875 4.261719 \
20.191406 4.4492\
19 20.574219 C 4\
.550781 20.79687\
5 4.539062 21.06\
25 4.417969 21.2\
77344 L 3.0625 2\
3.839844 C 2.917\
969 24.105469 2.\
945312 24.429688\
 3.132812 24.671\
875 C 3.964844 2\
5.769531 4.9375 \
26.742188 6.0390\
62 27.574219 C 6\
.277344 27.76171\
9 6.605469 27.78\
9062 6.875 27.65\
2344 L 9.433594 \
26.292969 C 9.65\
2344 26.171875 9\
.914062 26.16796\
9 10.136719 26.2\
73438 C 10.51953\
1 26.460938 10.9\
14062 26.621094 \
11.3125 26.76171\
9 C 11.546875 26\
.84375 11.726562\
 27.03125 11.804\
688 27.269531 L \
12.652344 30.039\
062 C 12.742188 \
30.328125 12.988\
281 30.539062 13\
.292969 30.58203\
1 C 14.65625 30.\
769531 16.039062\
 30.769531 17.40\
2344 30.582031 C\
 17.703125 30.53\
9062 17.953125 3\
0.328125 18.0468\
75 30.039062 L 1\
8.894531 27.2695\
31 C 18.96875 27\
.03125 19.144531\
 26.84375 19.378\
906 26.761719 C \
19.78125 26.6210\
94 20.175781 26.\
460938 20.5625 2\
6.273438 C 20.78\
125 26.167969 21\
.039062 26.17187\
5 21.257812 26.2\
92969 L 23.81640\
6 27.652344 C 24\
.089844 27.78906\
2 24.417969 27.7\
61719 24.65625 2\
7.574219 C 25.75\
3906 26.742188 2\
6.730469 25.7695\
31 27.566406 24.\
671875 C 27.7460\
94 24.429688 27.\
777344 24.105469\
 27.636719 23.83\
9844 L 26.277344\
 21.277344 C 26.\
15625 21.0625 26\
.152344 20.79687\
5 26.246094 20.5\
74219 C 26.43359\
4 20.191406 26.5\
97656 19.796875 \
26.738281 19.394\
531 C 26.816406 \
19.160156 27.011\
719 18.980469 27\
.246094 18.91015\
6 L 30.015625 18\
.054688 C 30.304\
688 17.96875 30.\
519531 17.71875 \
30.5625 17.41796\
9 C 30.742188 16\
.050781 30.74218\
8 14.671875 30.5\
625 13.308594 C \
30.519531 13.003\
906 30.304688 12\
.757812 30.01562\
5 12.667969 L 27\
.246094 11.8125 \
C 27.011719 11.7\
42188 26.816406 \
11.566406 26.738\
281 11.328125 C \
26.597656 10.929\
688 26.433594 10\
.535156 26.24609\
4 10.152344 C 26\
.152344 9.929688\
 26.15625 9.6679\
69 26.277344 9.4\
49219 L 27.63671\
9 6.890625 C 27.\
777344 6.621094 \
27.746094 6.2929\
69 27.566406 6.0\
50781 C 26.73046\
9 4.960938 25.75\
3906 3.980469 24\
.65625 3.144531 \
C 24.417969 2.96\
0938 24.089844 2\
.933594 23.81640\
6 3.074219 L 21.\
257812 4.433594 \
C 21.039062 4.55\
0781 20.78125 4.\
554688 20.5625 4\
.449219 C 20.175\
781 4.269531 19.\
78125 4.105469 1\
9.378906 3.96484\
4 C 19.144531 3.\
878906 18.96875 \
3.691406 18.8945\
31 3.453125 L 18\
.046875 0.6875 C\
 17.953125 0.394\
531 17.703125 0.\
183594 17.402344\
 0.140625 C 16.8\
94531 0.0742188 \
16.382812 0.0312\
5 15.875 0.01562\
5 \x22/>\x0a</g>\x0a</g>\x0a\
</svg>\x0a\
\x00\x00\x04\xfb\
<\
svg xmlns=\x22http:\
//www.w3.org/200\
0/svg\x22 xmlns:xli\
nk=\x22http://www.w\
3.org/1999/xlink\
\x22 width=\x2216\x22 zoo\
mAndPan=\x22magnify\
\x22 viewBox=\x220 0 1\
2 11.999999\x22 hei\
ght=\x2216\x22 preserv\
eAspectRatio=\x22xM\
idYMid meet\x22 ver\
sion=\x221.0\x22><defs\
><clipPath id=\x222\
f3cd0d71b\x22><path\
 d=\x22M 0 0 L 11.2\
5 0 L 11.25 11.2\
5 L 0 11.25 Z M \
0 0 \x22 clip-rule=\
\x22nonzero\x22/></cli\
pPath></defs><g \
clip-path=\x22url(#\
2f3cd0d71b)\x22><pa\
th fill=\x22#004aad\
\x22 d=\x22M 5.734375 \
0 C 2.582031 0 0\
 2.582031 0 5.73\
4375 C 0 8.89062\
5 2.582031 11.47\
2656 5.734375 11\
.472656 C 8.8906\
25 11.472656 11.\
472656 8.890625 \
11.472656 5.7343\
75 C 11.472656 2\
.582031 8.890625\
 0 5.734375 0 Z \
M 8.03125 6.3085\
94 L 6.308594 6.\
308594 L 6.30859\
4 8.03125 C 6.30\
8594 8.375 6.082\
031 8.605469 5.7\
34375 8.605469 C\
 5.390625 8.6054\
69 5.164062 8.37\
5 5.164062 8.031\
25 L 5.164062 6.\
308594 L 3.44140\
6 6.308594 C 3.0\
97656 6.308594 2\
.867188 6.082031\
 2.867188 5.7343\
75 C 2.867188 5.\
390625 3.097656 \
5.164062 3.44140\
6 5.164062 L 5.1\
64062 5.164062 L\
 5.164062 3.4414\
06 C 5.164062 3.\
097656 5.390625 \
2.867188 5.73437\
5 2.867188 C 6.0\
82031 2.867188 6\
.308594 3.097656\
 6.308594 3.4414\
06 L 6.308594 5.\
164062 L 8.03125\
 5.164062 C 8.37\
5 5.164062 8.605\
469 5.390625 8.6\
05469 5.734375 C\
 8.605469 6.0820\
31 8.375 6.30859\
4 8.03125 6.3085\
94 Z M 8.03125 6\
.308594 \x22 fill-o\
pacity=\x221\x22 fill-\
rule=\x22nonzero\x22/>\
</g></svg>\
\x00\x00\x05\x14\
<\
svg xmlns=\x22http:\
//www.w3.org/200\
0/svg\x22 xmlns:xli\
nk=\x22http://www.w\
3.org/1999/xlink\
\x22 width=\x2217\x22 zoo\
mAndPan=\x22magnify\
\x22 viewBox=\x220 0 1\
2.75 12.749999\x22 \
height=\x2217\x22 pres\
erveAspectRatio=\
\x22xMidYMid meet\x22 \
version=\x221.0\x22><d\
efs><clipPath id\
=\x228373932f06\x22><p\
ath d=\x22M 0 0 L 1\
2.503906 0 L 12.\
503906 12.503906\
 L 0 12.503906 Z\
 M 0 0 \x22 clip-ru\
le=\x22nonzero\x22/></\
clipPath></defs>\
<g clip-path=\x22ur\
l(#8373932f06)\x22>\
<path fill=\x22#ff3\
131\x22 d=\x22M 6.1093\
75 0 C 9.476562 \
0 12.21875 2.742\
188 12.21875 6.1\
09375 C 12.21875\
 9.476562 9.4765\
62 12.21875 6.10\
9375 12.21875 C \
2.742188 12.2187\
5 0 9.476562 0 6\
.109375 C 0 2.74\
2188 2.742188 0 \
6.109375 0 Z M 7\
.78125 3.710938 \
L 6.109375 5.386\
719 L 4.433594 3\
.710938 C 4.2343\
75 3.511719 3.91\
0156 3.511719 3.\
710938 3.710938 \
C 3.511719 3.910\
156 3.511719 4.2\
34375 3.710938 4\
.433594 L 5.3867\
19 6.109375 L 3.\
710938 7.78125 C\
 3.511719 7.9804\
69 3.511719 8.30\
4688 3.710938 8.\
503906 C 3.91015\
6 8.707031 4.234\
375 8.703125 4.4\
33594 8.503906 L\
 6.109375 6.8320\
31 L 7.78125 8.5\
03906 C 7.980469\
 8.703125 8.3046\
88 8.703125 8.50\
3906 8.503906 C \
8.707031 8.30468\
8 8.703125 7.980\
469 8.503906 7.7\
8125 L 6.832031 \
6.109375 L 8.503\
906 4.433594 C 8\
.703125 4.234375\
 8.707031 3.9101\
56 8.503906 3.71\
0938 C 8.304688 \
3.511719 7.98046\
9 3.511719 7.781\
25 3.710938 Z M \
7.78125 3.710938\
 \x22 fill-opacity=\
\x221\x22 fill-rule=\x22e\
venodd\x22/></g></s\
vg>\
\x00\x00\x04\xfb\
<\
svg xmlns=\x22http:\
//www.w3.org/200\
0/svg\x22 xmlns:xli\
nk=\x22http://www.w\
3.org/1999/xlink\
\x22 width=\x2216\x22 zoo\
mAndPan=\x22magnify\
\x22 viewBox=\x220 0 1\
2 11.999999\x22 hei\
ght=\x2216\x22 preserv\
eAspectRatio=\x22xM\
idYMid meet\x22 ver\
sion=\x221.0\x22><defs\
><clipPath id=\x22f\
fa1aa431b\x22><path\
 d=\x22M 0 0 L 11.2\
5 0 L 11.25 11.2\
5 L 0 11.25 Z M \
0 0 \x22 clip-rule=\
\x22nonzero\x22/></cli\
pPath></defs><g \
clip-path=\x22url(#\
ffa1aa431b)\x22><pa\
th fill=\x22#ff66c4\
\x22 d=\x22M 5.734375 \
0 C 2.582031 0 0\
 2.582031 0 5.73\
4375 C 0 8.89062\
5 2.582031 11.47\
2656 5.734375 11\
.472656 C 8.8906\
25 11.472656 11.\
472656 8.890625 \
11.472656 5.7343\
75 C 11.472656 2\
.582031 8.890625\
 0 5.734375 0 Z \
M 8.03125 6.3085\
94 L 6.308594 6.\
308594 L 6.30859\
4 8.03125 C 6.30\
8594 8.375 6.082\
031 8.605469 5.7\
34375 8.605469 C\
 5.390625 8.6054\
69 5.164062 8.37\
5 5.164062 8.031\
25 L 5.164062 6.\
308594 L 3.44140\
6 6.308594 C 3.0\
97656 6.308594 2\
.867188 6.082031\
 2.867188 5.7343\
75 C 2.867188 5.\
390625 3.097656 \
5.164062 3.44140\
6 5.164062 L 5.1\
64062 5.164062 L\
 5.164062 3.4414\
06 C 5.164062 3.\
097656 5.390625 \
2.867188 5.73437\
5 2.867188 C 6.0\
82031 2.867188 6\
.308594 3.097656\
 6.308594 3.4414\
06 L 6.308594 5.\
164062 L 8.03125\
 5.164062 C 8.37\
5 5.164062 8.605\
469 5.390625 8.6\
05469 5.734375 C\
 8.605469 6.0820\
31 8.375 6.30859\
4 8.03125 6.3085\
94 Z M 8.03125 6\
.308594 \x22 fill-o\
pacity=\x221\x22 fill-\
rule=\x22nonzero\x22/>\
</g></svg>\
\x00\x00\x08\xb0\
<\
svg xmlns=\x22http:\
//www.w3.org/200\
0/svg\x22 xmlns:xli\
nk=\x22http://www.w\
3.org/1999/xlink\
\x22 width=\x2217\x22 zoo\
mAndPan=\x22magnify\
\x22 viewBox=\x220 0 1\
2.75 12.749999\x22 \
height=\x2217\x22 pres\
erveAspectRatio=\
\x22xMidYMid meet\x22 \
version=\x221.0\x22><d\
efs><clipPath id\
=\x221963024bef\x22><p\
ath d=\x22M 0 0 L 1\
2.503906 0 L 12.\
503906 12.503906\
 L 0 12.503906 Z\
 M 0 0 \x22 clip-ru\
le=\x22nonzero\x22/></\
clipPath></defs>\
<path fill=\x22#ff3\
131\x22 d=\x22M 8.0937\
5 3.726562 L 8.0\
74219 3.710938 C\
 7.871094 3.5781\
25 7.613281 3.62\
1094 7.484375 3.\
8125 C 7.417969 \
3.914062 7.39453\
1 4.035156 7.414\
062 4.144531 C 7\
.4375 4.246094 7\
.492188 4.335938\
 7.578125 4.3945\
31 C 8.15625 4.8\
32031 8.5 5.5312\
5 8.5 6.269531 C\
 8.5 7.574219 7.\
4375 8.636719 6.\
128906 8.636719 \
C 4.820312 8.636\
719 3.757812 7.5\
74219 3.757812 6\
.269531 C 3.7578\
12 5.511719 4.08\
5938 4.847656 4.\
683594 4.394531 \
C 4.78125 4.3242\
19 4.839844 4.21\
875 4.847656 4.0\
97656 C 4.855469\
 4 4.832031 3.89\
8438 4.773438 3.\
8125 C 4.644531 \
3.621094 4.38671\
9 3.578125 4.187\
5 3.710938 L 4.1\
71875 3.722656 C\
 3.371094 4.3242\
19 2.910156 5.25\
 2.910156 6.2695\
31 C 2.910156 8.\
03125 4.34375 9.\
464844 6.109375 \
9.464844 C 7.875\
 9.464844 9.3085\
94 8.03125 9.308\
594 6.269531 C 9\
.308594 5.265625\
 8.867188 4.3398\
44 8.09375 3.726\
562 Z M 8.09375 \
3.726562 \x22 fill-\
opacity=\x221\x22 fill\
-rule=\x22nonzero\x22/\
><path fill=\x22#ff\
3131\x22 d=\x22M 6.109\
375 6.660156 C 6\
.328125 6.660156\
 6.523438 6.4687\
5 6.523438 6.246\
094 L 6.523438 2\
.789062 C 6.5234\
38 2.566406 6.32\
8125 2.375 6.109\
375 2.375 C 5.88\
6719 2.375 5.695\
312 2.566406 5.6\
95312 2.789062 L\
 5.695312 6.2695\
31 C 5.695312 6.\
484375 5.878906 \
6.660156 6.10937\
5 6.660156 Z M 6\
.109375 6.660156\
 \x22 fill-opacity=\
\x221\x22 fill-rule=\x22n\
onzero\x22/><g clip\
-path=\x22url(#1963\
024bef)\x22><path f\
ill=\x22#ff3131\x22 d=\
\x22M 6.109375 0 C \
2.742188 0 0 2.7\
42188 0 6.109375\
 C 0 9.476562 2.\
742188 12.21875 \
6.109375 12.2187\
5 C 9.476562 12.\
21875 12.21875 9\
.476562 12.21875\
 6.109375 C 12.2\
1875 2.742188 9.\
476562 0 6.10937\
5 0 Z M 6.109375\
 11.429688 C 3.1\
75781 11.429688 \
0.785156 9.04296\
9 0.785156 6.109\
375 C 0.785156 3\
.175781 3.175781\
 0.785156 6.1093\
75 0.785156 C 9.\
042969 0.785156 \
11.429688 3.1757\
81 11.429688 6.1\
09375 C 11.4375 \
7.523438 10.8906\
25 8.855469 9.89\
4531 9.859375 C \
8.886719 10.875 \
7.542969 11.4296\
88 6.109375 11.4\
29688 Z M 6.1093\
75 11.429688 \x22 f\
ill-opacity=\x221\x22 \
fill-rule=\x22nonze\
ro\x22/></g></svg>\
\x00\x00!\xbe\
(\
\xb5/\xfd`\xe7\xc6\xa5\x0d\x01:w\xc8\x10 0s\
\xaa\x0d\xff\xdcu&\xdfTi_\xa3\xce\xe9\x00\x8b\xb5\
\x97\xdd\xdd;eJ\x1b6\x0biPPP\x81T\x01\
\xf5\x00\xe4\x005\xf5\xef$\x12\xbc:\x13\xf4\xa1\xd5X\
\xf5\xc0\x12\xfd\xeeL\xb5\xa5\xe5\xd5\xfd\x18\xcbE#\xa6\
L_3\x9a\xee\xa1\xbag%e\xaf\x96X\xe5\xbeR\
\xfap?7\x96?\xd2h~bt\x92\xc5\xab\xab\x5c\
\x19\xb6!3\xb1\xe2\x09\xc9\xe46\xd4\xac\x0cZu\xac\
\xb6\xb2#\xa1\xa2\xf1\x96\xaa\xc3:\x05\x1fFrl_\
\x94\x97b<\xd0\xa4fP\xd6\x9f\x92\x0d\x08\x12\x124\
\x03\xa0\x11Q\xa1\x02E\x04\x01\x00\x02T\xb0\xd0\xd0\x88\
\x80hTXL|\xb8Pq\xa1\x111QA\x83\x85\
\x83\xd1`8\xb0\xeb\x04\xcbH\xc0(\x06>\xa7'e\
(\xc0\xe0\x9a\xc8\x89\x1c\x8c\xd0\x88\x80@\xc1\x98p!\
\xb1\x00\x03E\x85\x07\x05\x0c@H(` C\x84\x09\
\x08\x05\x0c4FZA\x91\xc1b\xe2bb\xc2\x02\xa3\
\x01\x04\x0a\x05\x1d\x1a\x11\x15\x14\x17\x12\x0c.\x1eL`\
\xc8p`b\x83\xc5D\x86\x09\x0b\x0c\x8c\x06U#\xe2\
b\x82\x04\x8a\x89\x09\x8cF\x92\x0c1\xcaR:c\x18\
\xd3\x88\xe8P\x81\x80\xc3\x04\xc5\x06F\xc3C\x04\x8a\x0b\
\x12$,4\x22.H,\x80p\xe1\x80\x85\x8a\x8a\x0f\
\x8cF\x155\x22&\x5c@\xa0\xe0\xc0h@df)\
\x5c\xa0\xa8\xd0\x81@\x03bf\x0c!\xc1\xa2B\xceA\
8p\xe0\x00\x01A\x00\xc3\xc5\xc5\x84FD\x86\x0b\x15\
,t`H\xd8\x90\xa1@\xc5?\xe7\xd2$\x7f\xd2\x9d\
\x1a}\x8fk_q\x12\xff$\x82(\xbf\xac\xe6\x83(\
\x96\x0b\x16\xde\xeeAC\x98vr\xea\xe9\x88'\xaa)\
+*\xb9Y\x8b\x1c\xb7M\xa2M\xfc\xf1\xb4\x97\x8e\xc3\
\x9e\x0f\xd1'\x0f\xa5*\xdf,\xfa\x9f\xf2D\x879\xee\
\xb6:\xccq\x1e\xc9\x9b$\x22\xda\x9dE\xc7G<e\
R\xecc\xc4\xf3\x91\xca\xb2\xbbO\xa1TN5\xca\xb6\
\xfe\x1f\x88\x16l\x99\x5c\x99\xd1\x1d\x9e\xe6g\xc4Ui\
\x19L\xa3\xe3\x95u\xb9\xc9\xe7AS\xc94\xa3\x11\xac\
\x9c\xcda\xc5\x11sH\x15VJ\xc8\xa4\x8e\x91\x11`\
\xd8\x01dw5r\x0e0q!Q\xa1\x11a\xc1\xa2\
\x22B\x86\x0b\x12\x16\x17\x12\xda\x88\xf0pA\xf1@\x02\
C\x85\xa3a\xe7^y\x10\xb3&\xa3\xa4\x1f\xd3\xda/\
\x15\xbd\xeeeDr\x87\xf7\xb3Z'\xddBJs\x0b\
\xef\xe1\xbb\x84\xce$\xbd\xd1\xa0\xdf\xfa\x98-\xebF\x8a\
\x88f\xb0e\x93x\x83rn\xca\x11\xa6Q\x0e|\xa4\
#\xf31\xe5\xb6\xd3\xc4\xb3D\xfc\xd8I\xde\xbf\xc2\xa6\
\xcc}T\xdf\xf5v\xd8\xed+\xb7\xa7s\xa6\x99\xb9\xd6\
\x9d\x8c\xa8\xfc_\xea\x88\xb2USM!\xbd\x1eO\xef\
)\x1c\x1f\x22\xde%\x16\x07m&V\xb7\xe3\xafi\xfd\
x\x12V\xdd\x11\xe5\xfd/,\xb32\xfc\xe4\x95\xefL\
L\xb3\x9bK)ZU\xfd\xaaFsX\xa2\xfb\xf5,\
mRG\xb7\x8d\xae7\xbf\xc8\xadB<9\xb3:J\
\xaa\x9bLG\xd2\x19ao\xccm:\xc7\xae\xe3\xc0f\
\xd3\x8f\xdb\xe1(\xfb\x87\xf4\xb8\xab\x1a\xef\xfa\xfa\xe8V\
.\x0e\xe6\xbdE9O\x0d\xe1\xf5\x9cv\xd5Q\xad}\
\xfa\xab\xae\xd5\xac+\xe9rX\xcd\xea\xe1\xb0\x19\xc7\x15\
m3J=RlB\x9f\xd1\xd3i+\xfa\xd4Q\x9c\
w:\xd8\xa9\xf8C\xa6\xc4\x16]}3O\xe5f{\
\x94\xd5#A\xd9\x13+\xe9,\x01}\xec?l\x93\xda\
N\x06$l\xc8pvg\x9e\xf5{\xc9\xa7\x13\xec]\
_\xf7\x9d!12\xf9\xf5\x9f\xd9>Gd\xf1\x18\xcb\
(\x11s\xce2I\xe9\xd7\xa3\xca\xaev\x11\x91\x0b\xa9\
B\x1f\x9f\x8cx\xd7G\xee\xfe\xbc3Y]\xd7\x8e{\
<S\xa1\xa96\xc7\xef\xeb\x22\xb2\x99\xf0,s\x7f\x1c\
\x7f\xd8\xe5\x8a\xdb\x93M\x12\xbd\xee\x9b,\xa6\x9ck\xb2\
\x1fdwPM\x95\xaa*\xa2\xff\xad\xdbE\xabP\xeb\
\xba\x9e\xceT\xcd\xb4\xf5\xb1\x94wi\xf5\xf0n\xce\x9c\
C\xb7tP~\xe8\xb7\xb9\x17\xd5\xeb\x04\x91\xb6\x1d\x05\
\xfb1\xb3\x18\x1d\xff\xbb\xce\xd2\xb2\xcc\xcf\xcc]\xccM\
\x22\xb3\xcb\xd8\xfe[U45\xab:\xa2\xe3]\xb6\xe6\
\xc6\xd3\xba\xb3\x94\xe9\xcb\x9f\xb9\xd8\xa6\x8cbIE\xcf\
\xbf\x5c\xe98\x9b)\x88yDd9~~Ghv\
Op\xe5KL\xcc{\xd1\x89\xd0\x5c\xee)\xab2\x8e\
^\xa8\xe4v\x0d\x1a\x1a\x01\x1a \x01\x01\x12\x00\xd3`\
\x00\x10N\x14\x8f\x89\xa5\xf2\xe1\xb4\xeb\x004\xe1\x86F\
\x0b\x01\xafD\xd9\x90L\x00\x8c3@\x81`\x00\x00\x10\
\x00\x04\x10A\x04\x04\x18\x01\x00\xff\xd4\x5c\x83\xe1\x88L\
5\x0dVy\xabJ\xcc2V+v\x1cQ\xc56\x13\
6^\xa0T\xa0\x9dY4Xzy\xcb\xf5\x01\xcd^\
\x06\xe0\xd7\x8f\x84\xd7\x80^\xeawZQu=\xba'\
m\xda\x15U\x86\xeb\x81\xea\xe7Y^\xbf\xeb5\xcai\
\xd6Bb\xee\x00fV=\xc1\xd5sw\x0bE\xb4\xe3\
\xcaj\x0d\xa0.\xa5\xb5\x16v\xae3\xfc\x13[\xe1\xaa\
\x83\xa4yN\x22\xdf\xf9\x9f\xe34\x0eI\xbe\x99R\x1e\
zB##i\xf7\xd9!\x08\xd4\x1f\x80S\xf2\xaav\
\xb9\x95\xf0@8]3\x11\x9f\xc8\x1bN\xf5|\x1aG\
\xa0yN\xdf<u\xc1P\x1c\xa5\x1e\x91\xc0\xf3J\xdf\
\x9c\x0f\xc1\x1a(\xf0C\xdd\x9a\x97nU{\xbey\xf5\
\xf4o\x92\xc8iV\xdb\x1dk\x9a\x07\xa6\xa1j\xf7S\
\xa8+D'\xaef\xe4\x86~\xee\xa4\x94\xd7T&\x1d\
{]^\xd9\xb3\xca#]]\xe8\x22\x99\xf1\xb1\x16\xe7\
\xf3.%*\xd4\xc7Qb\x17\xa0\x1b\x1fY\xe1\xc0\xee\
@\xe2N\xdd\x9f\xb19\x9d\x15N\x1c5X\x10\xf4\xe1\
x\x22\xdeVjj]\xe1\xf4x6\xdc\xb4\xc4\x07\xe0\
\x03\x82\x0ae\x18\x97T\xbek\x8dX%\x82\xa5\x91Z\
5y|b\x82\xf3*\xa3m\x81=\xa3\xbd\x09\x1f\x0a\
7\xe0\xb10\x84\xa5e;\x14\xbc\xa6\x18\xa1\xccB\xbd\
\xd8lT\x92Ssfa\xe8\xb3\xdb\x87\x83wA\x02\
\xea\x07\xa6s\x96_\xe0\xcf-\x81\xf2\xbb.\xae\x10n\
\xf8\x0f$\x95\xa4/O\x85#\xe8&hAC\xfb\xd6\
\xab\x8eg\x95zH\x05N\xa8\x8ab\x86 \x0e}\x80\
\x87e\xf4\xe8U\xc9\x0c+\xf8\x83H\x1c\x82\x038\xd6\
[Vi@\x14`\x01\xbdf\xa3AWe\x80\xad\x9a\
\x9an\x95\xb5\xa2Kt\x8b.P\xbc\xc33\xe8,3\
\xe3\x1a\xabB\xdb6i\xccX\xa9\x85\xee\x06\xab\xd7\x13\
\xe2\xa1a\xcb+f~e\xee\xae\x87\x11Fs\xa8\xfc\
\x5c\xf9\xc4H*yf\x0f\xeai>\xb9\xb7RwC\
\xe4u\xfb)R\x9eaPz3n\x86\x1eX\xa7\x1a\
3)\x89s\xf1Y\x90e4\x04)\xee+\x83\xaa\x96\
m\xe4\xd7;\xb0D\xe6\x5cM/\x05\x5c\xa2\x1e\x91u\
JG1\xe8\xb6T\x10\x9d\xa9\x9c5\x9e}Z\x9e\xf0\
h\xb2\xcb\x1ez\x1f\xe3\x15\xee\xfd\x9d\x92\x8c\x10\xea!\
\xf0\x98]^\xa3\x87\xa9fMo\x89\x9e?\x1e\xedJ\
\x1c*\xaaT\xfe\xe0\xbe\xf3\xb5_\x968{\x01\xabZ\
\xcff\xf8\x8c\xcd\xab\xc7\xdba\x84\xc0P\xbf[\x05\xfc\
\x98\x86\xb3v\xaf\x1aL\x88)8\x1fa\xb9zLT\
9\xe3v\xf7\xc6gi\x0b\xed\x0dF\xf80_.*\
\xa2\xabj(\xc6do2<\x1a\xf9x@id\xcd\
;\xfa}\xab\xb1\x8eK\xcb\xda\xa3:\xcd<w]\x16\
\x85)c\x5c(\xa3\xbe<\x850\xdb\x07h\x09\xaf\x08\
o6M\x13\xbc\xa94#\x91\xdb0\xc7\x86}o\xfa\
\x14/\xb8\x18I\xc5f\x0c\x9db8\xe9\x7fN\xa7@\
\xf7\xdc\xca\x97>\xa3\x0d\xa2\x8b\x03\x8aa=\x5c\xeaS\
<\xb4\xa2\xeb\xd0\x9d^\x06\xe0\xe3V\x89\x89\x05b\x11\
\xea\x90\x8fI\xe8\xc5\xb6\xca>\xc4\xf6\x0c\x08\xcd \xa0\
T;\x194\xe4v\x94\x8a\xf2+\x13\xa1\x18\x97R\xf1\
\x06C\xbf\x03s\x92\x00Hp\x17SUOZ\x16\x9c\
\xca\xc5\x95\xb6\xe3\xa1\xad\xff\xa0\x97)\x5c\xb7\x9d\x99\x0d\
%\xd8\x90d\x0d\xf2\x04\xfajfR&,e\xf2\x1c\
l\xc0m)pj\xdf$\x17\x16wRn\xc2q\xe8\
\x1d\x90\xd8\xc8\xef\xef\xaf\xb3\xfc\x1dF\xf8\xb0\x94\x11\xfe\
\xdaN\xafOe\xf3\x9f\x1e[W=\xc7\xff\xf8'\xcb\
\x9de\x91\x03\x1f\x9e\x06\x03XR\xa5\xef\xf4<\x0b\x0b\
|2.j&H\xfb\x8c2\xdc\xd2\xb6\x1b^L:\
'\x9f~\xe4\xcb$\x0e\xaeL\xeb\x12\xf2y\x9ef\x05\
\xdde\xa7?\xcab\x99Z\xbc\xb4i\xc34\x9d$\x9b\
\xd3\x88\x13\x22\x92(\xf0\xcf\xd3\x0c\xd4\x10\x15S\x1c\x16\
Q\xdb\x01S\xe20\xdd\xe5zv\x19\x5cr2\xf8\xe0\
a\xa8\x81M\xc5\xc3\xd7\xeee,Q~\xfc\xa1\xe9Z\
sO\x16P]au\x85\x8e^n\xd0D\x07K\x84\
M\xa4\x96\x83zO i\x03\x9a\x98\x7f\x9f\xc9\xc4\x92\
/\xd0\x06jl0e\x8d\xbd\x80\xd0\x03\x9e\xa7l\xf5\
\xcam\xeaG\xa8\x18\xaacQ\xf9\x16D\xae\xa9ou\
>\xa1u\xfcx1\xc5~\xac-\x10\x0bR\x17?\x9e\
\xc8y\x93J5\xf0\x1d\x9b~\xa8@7\xd9\xf8TK\
\x92c\xf5\x8e6\xe5O\x0dSTi\xca\xe6f%\x84\
\xd6\xe9\xa9D]\x80\xaa\xbe\xe52\xf5L\xf0\xe4\xd5\xca\
^]0\xe1\xbf\xa9U\x8d\xbaQ\xa4\x91\xbbd\xaa\xd8\
\xdby\xe2\xdd\xcdL\xe2\xc9\xbf\x03\xfa\x91\xe4\xec\xa9.\
\x83H\x97\x0b\x05De\x91\xee\xc1\xe0u\x9e-\x93\x04\
\x12J\x9dN\xef\x22\xbf3\x16\x80\xbd\xe98P\xd4\xe7\
=\xe32{\xc1\xce\xdd\xeb\xbc\xd1\x8f\xb5\xea\x07\xe0.\
\xbb\x90\x8d\xd2\xf9{\xa0\xec\xfd\x97\x95\x89'\xb7\xa28\
\x80\x0dv\xe7\x97K\x94\xc4\xf9\x16\xe3\xc4\x87~L\x9c\
\x12D\xbe\xf1\xc8 \xb2\xa2\xb1\x1c\xc0Q\x9bQ\xcf~\
\x848\xb9\xae_\xe6\xf5C\x95\xc1\x91FMK\x91\xf8\
qrw*D\xda*A\xfe\x9c\xc0\xbe\xb4\x02\xcax\
\xa8\xa0\x03\xca\x80\xd0\xb5'\xcd\xfe;\x7f^J\xd2\x94\
\x80\x96}\x92\xef\x17\xbf\xc4:\xcd\xcd8LF\x1a\x0d\
jr\x10\x02Q3\x95\xf2\xcd\xc4i\xd8\x1d\x92\xe4\xaf\
\xd8\x18D\xa0h\xeb\xb4\x80\xfb\x1d\x96\xf4\xfe\xb4\x95R\
\x1c\x9f\xbf\xf0'U\xd5\xd2^\xb4bR\xb4\xa8\x9dy\
\xb6\xbd\xf4<\x07~\x9f]\x1d9\x85H\xfd\x03\xda\xfa\
\x1d\xfe\xa9.\x07$\xde\x1aK~\xad\xa9m\x0e\x8aN\
E\xbb\xaa\xa9\x14\x22\x0d[c\xddmv\xb8\xc1&{\
'1\xf4\xb5\x1f]\xb4/\x1b\xeeX\x11;\xeb\x00\x92\
i4~\xf4\x09\x09\x91\xd1\xe1\x92+,\xe7rO\x90\
\xae\x02S\x22\xea\x1a@\xb3WakH(\xb0\xa4\xea\
\xca\xe7\x80\x939\xe4\x0a\x9a@\xe7$+\xe6\xe3\xd5\xcf\
\xf0QI\xbd\xec\xfa..>,Q\x91)\x91H\x12\
\xed\xd1\xf4\x87\x0b\xeb%f'\xfb\xa3\xc9\x80-F\xac\
\xddiv\xbc\x82\x94\x85ysp\x0fGWI\xbbE\
6Hi\x13E\xcb\xfc5T\xcb\x96\xb7\xbe\xc6__\
$\x8c\xf7\x01\x12\x96\x5c\xa1\x19\x16\xb8[\xa8g\xd5w\
\xdd\xeeF](\xa0\xe1sJ\x04\xcb\xf0\x10W\xf3\x16\
{\xf4\xa5pqp9\xaf\xb4t\x07Z\xcd6RQ\
\x04~\x16\x7fQ\x1d!\x0aZ\x1f=\xbe[EA(\
p\xf8\x09\x8f\x80\xb0}\xa2\xff\x0f\xf1\x8fr\xbc\xa0\xc2\
\x18\xdb\xfa5d\x1a\xa2\xab8\xc0\xd2v2y\x03\xbf\
o\xad\x5c\xc9I/]\xff\xd1o\x83a\x97NT'\
\xa5\x92\xbb\xc5\xf3\xcaf:L\x18'z\xad\xb7(\xae\
\x0f\x13\x1a\xb8X6\xfb\x89\xde\xd9\xc0\x8d6\xf2\x94\x17\
\xd2v\xd1\x97q2Wl\x05\x847q}}\x18\x1c\
s\x9f\x1d\xca\xac\xb6L;\xc9h\xea\xe8\x7f\x83b_\
C\xc4\xcd\xaf\x98+\xf2f(\xd9c}\x0e\x94@>\
!ZF\xb9\x9e\x85\xbf\xb5a\xb2M\xf2)p\xdb\xd3\
\xbb\x13\x84R\xfa\xd1\xdc\x9f\xa8CU\xfb\x0c\xcf\x8a\x0f\
\xc7>o\xdb\xe8\x9fo,\xdf\xb7\x12\x17\xb9\xd23/\
{\x0cb\xd1\xe0\x11\xdf\x0fE;&\xad\x14A8\xc0\
h1#\xe3\x1d\xf5`(\xeb\x00\x8d(\xa56\x05\xef\
U\xab&\xf4\x96B0\x17\xc9u,)f8>\xad\
\xb6C\xdct\xc5Z\x03\xab'<\x1b\x10BH\xf63\
\x19\xba\xd2M\xe5\x84\xdb\x19\xe6\x1bY9\x8a\x0f\x98;\
Z\xe6\x1e\xde%\xcbx\xe6B\x10\xef\x09\xc1\xce\xe5\xf3\
\xf9\x98k\xe4\x92\xd2\xa7\x1a\xad\xab\x1dh\x0f\x9c\xd3m\
\xe4\xb0y\xce\xfd\x07\xe0\x81\xb8h]\x93\xed\xec1E\
\x9d\x8e\xb2\x7fy6c\x04\xf0;C\xca\x143\xca\xb3\
\xdf\xb1R\x01^\xc7\x05s\x19\x1d{\x1b\xd0\xad\x89\xaa\
\x14~\xbaKnO\xfbU\x14\xacX)I.Z@\
G17\x94\xd4w\xd90\x8f[0\xec\x18\xd7\xa6T\
\xae\xc3\xb9\xa5\xdd\xdc[}A1\x95\x83\xe3\xa0B\xb0\
\x8f|8+\xd3\xda\xa2\xcf\xa0\xd2\xdc\x9dj\xf8\xaf\xd0\
\xd8\xb6p`\xffEH\x07\xe6$\x9b\x08P\x08\xb7\x8d\
\x1f\x8b\x8a\xe5\x1b\x88\x0a\x19B\xb50\x94\xde\xfc\x8d\x02\
\xd9\x0fW\xcf\x80\x00\xdb\xaa]\xff\xaf\x8c\xdd[\xd5<\
[\x9a\x99\x01\x04\x14\xcb\x94\x04\x8c\xbaM\x9f&\xa3\xd9\
s\xc2\xdf\x02]\x0c\x05\x9f\x0d\xf9\x9f\x10z'L\x8d\
Q\x80\xa6\x5c\x8f\x14\x84_\xd2\x8a(\x17\xb8\xaa\xd0f\
\xf8\x8e\xd0\x86\xa2\xcc;SE\x5cz~\xdaG\xf7\xbd\
\xfb2\x91N\xaa\xc9'}\x00yDs\x85\x9c\x98\xf3\
\xb3\xba\xa2\x05\xc6\xbf\x1e\xa9ve\xccj(dc\x0a\
\xc1\xd7Z\x1f\xb7\xeb\x92C%\xab\xc7\xf08\x13\xad\xf1\
\xc1y\x80n\x1d<\x97\xdd\x11\xc6vO\xf7\xda$\xf1\
\xc3\x03\x0e}\x9f\xa4.Y&4\xd5\x09\x8c,\xb2u\
}+\x00\x82\x97r:\xcf\xc0\xb4\xd7\xad\xd2E\xb3\xb5\
{\xa8\xd4\xb4\xb4\x0fw\x04P\x10i+\x91\xdb\x8el\
&\xa19\xbcS\xd5\x03`=\xe1\xac=zm\xe0I\
\xdb9\xd8.\x84\xbf-\x84\xcd\xbf\xd5H\x1b;^\xc1\
\xc1\xf1f\xb3\xa7\xcb^h\xd7k\xe7\xc6o\xc8\xb1P\
<1\x86\x8a\xf7\x87\x22\xd0G\x15\xabF\xa2\x04\x10$\
\x9f3?D\x02:\xf4.\xf4\x15\x9f\x86\xdbA\x5cO\
\xfb\x7f\x8e:$\xe2\xf9\xe3\xe81J\xe95^8a\
yR\xae\xeb3\xe4;(\x99$-\x22i\xafa#\
\xb4\x94N\xc2dA\xa5\xd7\x13\xa4;b7\x98\xe3\xd8\
\xde\xffL\xbb\xd5\x99\xe6\xf5\xaf*\xff\xc3\xbd\xd0T\xf3\
\xe2~\x85a\xe3\x85;*z\xeb=:5;\x93\x91\
L\xa3o@\xb5\xac4\xe2vl\xd1\xca\xf9;\xc2\x9b\
\x09\xea\xf4\xf8\x0a\xbd\x12\xdd\xcd1\xc1\x89s\x9e\x19h\
\xdaC\x90\xc2\xb1\xb3a\xef>\xa62\x84\xafm^z\
0:FzO0 \x5c\xbc\x82\xbc\xf5\xf5\xa7 \xca\
\x1bP7[9\xaf\xa9\x99#\x9e\x92\x0c\x84\xb0\x9d\x9b\
\xd4g\x86\x1c<p\x92\xadD\xf8|\xf1x\x90\x8b\xc6\
\xd3\xcax\x13<|\xacg\xa4:\xdb\x8f\xa4\x04\xba\x15\
\x8d\xb1\xab\xc3\xcb5\x10f\xa5\xbf\xc8P\xcf\x1f'\x22\
8Db=g\xb8\xad\x95/\x1e\x0f\x17\xa5\xa3\xfbW\
e\x02\xe0\xebG@\xf6\x9c&#\xd9I*(\xa6\xa6\
\x99\xe8\xc8\xb29\x0a\xf7\xf8,}\xec\x83\xe01\xaa2\
\xa7!\x84\x9fw\xb6\x90_\x153\xbea\xde\xf9~\x1b\
u\x88\x16\xf4\xd9\xd2\x06\x8e\xe4\x8e\x18|t\x1c\xc2y\
\x8f4\xa4^-\xa1v\xa6\xae['\xdcS7\x88\xa6\
_\xa2\xac\x5c!\xfc\x90\x03\xb1\xc3)\xd2\x83\x0c\xd3\xf2\
<5W\xe5\xe4\xc3]\x80cgP\xd6\xa2\xe7\xd3\x8f\
\xc4;\xb1\xf7Bh\x15\x89\x0aD\xf0\xb6\xdf\x0a@N\
\xad\xb1\x12\xf8\xf3\xed\xa8R\x1c\x00\xe1b\xe9\x11\xeb.\
\xd2\xfa\xf0\x90\x14\xf2\xc7R$74tC\xc0|\xb5\
b\x803\xc4\xb4\xfeVl@\xa9r/o\xe9\xed\xc4\
,WG\x84`\xbf`l\xcf<\x88\xd9hQ\x00\x1a\
\x02\x03?uP\xf2\xbaXqP\xc2\x1a?\xd1\xb3o\
Q\xb0\xe4%\x00\x02\xd2<\x09\xcfF@\xd1Wo2\
84&\xea\xff;\xeb\xc7_\xa8\xc7\xd5J\x0bB\x1c\
\x0e\x5c\xd1~\xf5,\xab\x1b\xe71\x12\x05\xba,\xc3q\
?\x0d\xba\xe3XrV\x08\x9e\xb1\x86@\xbc~\xa9\xaf\
0\x89\x94\x15A\x1a\x97\xc3\xc1\x12\x15\x81MiV\x95\
]:E\x1dR\xf3Q\x16\xe6\xbe)\x94\x85W\xd0\xe9\
\xa8w\x9c\x02w\x9a!\xeb\x01\xf9f^\x08]m/\
\xc1E\x82\xc9^\x9c<\xe2\x8f\x881\x81v-\xbb\xea\
\x18\xc5\x92\x0a\x9cE\xec\xc31\xd2\xe0\xd1\x0f6\xd4\xb2\
7\x09\x95'\xdb\xfbL\xc6>%_\xfb\xec\xc6M\x84\
\x9b\x0a3\xce\xf6\xb6\xd1\x05\xa6\xd8\x87\x89\x82EH\xfc\
bC\x81\x99\xaf\xba8\xf2\xf5\x06\xb8x\x93\x01T\x05\
\xa1\xa8\xe1\x06\x9d\x9d\xc6=\x85\xd0;5\xf9\xfa\xd0\xa5\
\x9a\xd8\xb0\x97\xa3\x9c\xb6\xad]3\xce\xb9\xeayr\x18\
\xb7\x9e\xa0\x86d'\xaa\xcd\x8b\xdc\xe3\xe3\x11\xe6F\x09\
\x09|\xb5\xfb\xa53\x0d\xa8]\xe8\xd4V\xdfd\xe0\xf7\
\x88#\x8e\x00+\xd5\xc6d\x00Q\x88\xe2\x8dz\xd5\xcb\
\x13\x193b\x84\xe1t\xbe{\xfb\x83\xd0\x1d!0\xd7\
\x0co\xae\x91\xb1p{A\x84Rg/\x22\x0a@0\
\xfe`9\xa9#\x1beA\xfb)\xc2\xb1\x08\xc6\xd6k\
J]\x08\x1c(\x07\x08_H\x9d\xbb\x87\xf2\xeag\xb7\
h\xc6\xdd\xdc\xe5\xb0<\x01\xabQ\xfb\xa2e3\xef\xfc\
\xc8h<K4^_&\x83-\xcc\x84\xbd\xcb\x80h\
\x8a\xbb\xaf,6i\xb8\xf7\x87v\xe3_\x22\x1a\xdc\xeb\
\xfd\x22\xc7Ul'*\xa8\xaf\xed\xd6\x04\xe6\xb6\x15\x0d\
n\xb0;\xc0bP\x96^\x84\xb0\x90\xa3\xdd\x10r*\
&\xfaD\x05wne\x03.\x03\xe4sT\xff&\x0c\
\x97\xc39/Tf\x0f\x0cf@\x00e\x8ckFu\
q>\xbe\xb4\x1b\x991\xad\xb5g\xcc\x03%\x9a:Q\
!\x9b@\x86)~\xb4\x83S+\x06\xd3\xf9\x0bj\x5c\
\xb9\xf1B\x09\x89\xa3cX\xa3+\x0b\xbc\x00\xeead\
3E\xe9\xab\xd3\xb1\x00\xf4\xf2\xef\xbc\x998R@\x1e\
\xac\x95\x81\xf9\x9e\x12\x00U\x19\xa4]\xa6\x88\xfe\x06\xe1\
\xd0\xb2 \xeb\xffz\x87o\xfdDJ\x96\x1a\xa66T\
\xf6%rWw\xe7\xe1$\xaa@\x99\xe9r\xd7{F\
nwj\xea\xb2F\xe5\x1d\xc4\xba\x82\x8d\xe0!\xbe\xb8\
\xefZ\xa1\xb4\xc1D\x82\x00\xb2\xccdJ/tck\
B\xff\x95\x94p\xa0>P\xe0\xcd\x1aFcE\x8aD\
\xedR}C3!\xed\x97\xf5u\xa1%xo^h\
\xc0:|\x9e\xfc:SZ\x9b\xaaM\xe9l;u\xc0\
Y\xee\xf20KB*\xb2\xd7\xec\x13\xbf\x86\xb5I\x94\
\xdc\xd1\x0a.\x15D\x8fau\x9a5\xd0\x95W\xe2\xb9\
\xa2\xb0\xd7gR{L\x9a\xf4\xb5\x7fx;\xd7\xfb\x83\
\x94x\xf6~\x83c\xda8\x84\x8e\xb4\xc7<@\x12\x0a\
\x93\x82\x08\x02\x0a\x08D\x17\xa0\xf7y\x0a\xaa!\xdc\x99\
:D\xb7\xfb\xe7\xdd\xb5\xb6N\xec4y\xe2\xd4\xda/\
B\xe6^;\xf8\xdf\xe4\x13\xd7\x87&\xa0\x18\x14>\xb6\
\xf1V\x10\x98W\x02\xad\x83\xe1\x86\x06\xc7\x08A#p\
\xedv\x02~\xf2D\xb8_\xa1\x82\x05(\xb7\xadg\x86\
\xa1\xb6\x98=\x13;\xbe\xbd\x03\x05\x7f\xc3\xa3\x02v\x9a\
\x8c\xa7)\xba\xf7\xa2L/l/\xa5\x9d}\xdb\xa1\xc7\
\xfe\xc4p?\xebf\xbch\xa5\xd6'\x8aYu\xf1'\
\xe1\xce\xd8;\x82\xf9\xa6\xd1\xab\xebZ\xa9\x99\xaa/\xe0\
\x99\xa48pb!Z\x8a\x15a\x87\xba\x8bc]\xac\
\x81\x88\xf5P\xde{\x04\xfb-q\xcbN\x8c\x1a\xf1\xde\
te\xfe\xd0P.|\xffo\xf7j\xea\xcf\x14<>\
S\xc1\xd8\x86)\xef\x84\xb1\x19\xf0oV4\xc4\xba\xd1\
\xf8\x92>\xca\xd8;dq\x05\x17\x8fze=\xe33\
\xe7\xb0U\xedA\x1e\x80\xd5\x11\xa1\xceN[\x1a\xf5\xfa\
a\x86\xca\x83}\xc3%\xc648\xae\x8b\x0d]K\x1a\
/\x8e\xbc\x1d\xe3\x07yZH\x81\x1e\x8f\x0ew\x98\xf9\
&NZ\x04\x82\xec\xbf\x0c\xf5\xa2\x05\xddip\xc2v\
\xe9\x83\x11\xe1\x07\x9ffm\xe6\x8f\xce\xa3\xe9I\xa9\x0d\
\x94\x05\xc0\xe9\xf41\xa3\xe8~\x17\x9ad\x14(\xbbk\
dK\xeb\xc9jt\xd5\xe5i\x1d~\xa8\xf9\x94\x80\xf4\
\x82\xba$\xa4\xcf\xb7\xd4\xcdM\x1d\x18i\x859\xf9\xf5\
f\x5c\x06\xae=\x9c5\xfb\xc0\xef\xd7l\x83p\xd4\x05\
9\xf5\xfe\xbd\xea\x04]'N\xa3\xfc^j\xa6\x89\xc5\
r\xcf\xfak'\x99\xb9\xc5\xc5'\xc4\x15v\xdf\x99\x9f\
\x9cS:\x82\x95|\x8e=Q\x88YQ\xa7\xc7 G\
\xecqU\xadI\xcdG\xef'\xb4\x9cA4\x94\xc2|\
\xb8\xc8)\x8e\xef\xef\xf3%\x10aF\xa4-r\xf5K\
\x10\xb0\x09\xa2=\xbb\x02\x1c\x10\xf8\xf9X\xc4\xe7\x8ff\
\xfeaH\xa4-\xd1\x84F\xb3\x1eZeW\x1c\xc5=\
\xf5\x1a.\xbb`R\xb6\xda7\x5cWz\xb4z\xe0\x88\
a\x1a\xefp\xa1&\xd6\xf1[qn8\xbc\x1d\xfd\x00\
\xc04\xbaW\x94\xfa\xc9(\x83&\xee\xdb\xd7\xb1\xf4\x1c\
\xb4\xb9\xf9wPF?I\x9c\x16\x97 \xe5.\xc6\x16\
\x9a\xb0V\x92\xeb\xab\xd5\x8c'\x1f\xf1\xd1\x1d#\xd9H\
\x90\x9d\x1dZ\xe2\xb0O\xb3:\x83\xcc\x95\xae\x00\xa4D\
\x0eD]\xacs\xd6\x03\x87j\x87\xfd\x9c\xcb\xb5\xf45\
\xc2[J\xff'w\xfa\x8be\xd54\x00\xa1\xb0\xbf\x90\
\x8fw\x9d\xe4\xc4\x88\x0b\x16\x10\xe1\x0cc1=\xaf+\
\x99\xb0y\x07o\x04`lZ\xd8\xce\xc0_\x11\xea[\
\xf4;:\xeaR\x8b\x86\xba\xd1\xe5\x0e\xb7\xa9A\xe51\
\xa7\x90\xb0\xe0\x0eX\x92\x22\xfa\xc6M\xb3\xfd\x881K\
\xb6\xa6\x5c\x07n&\xd9\xdcQ'a \xf9\xffm\xc9\
\xedy\xad\x9c\x8aF+n\xff\xdd\xd2\xdb-\x95\x10;\
a\xd0\x0f\xd6\xfbb\xc2\xef\x8d\xd4,\xbeL$\x8ek\
T}n\xc7!Q\x22\x89e\xbfX\xf5\xd0\xfa\x1e\x9a\
\xc3\xa1G\xf6\x17\x84-n\x90C\x15\xe1cP\xb7\x1a\
\x0f\xdf\x8eM\x1e\xdbn\x92\xddt\x0e\xea\x04w\xa4z\
{\xf9B\xf5p[\xca\xdfV;\xd2\x08\x12\xa2\x04R\
\x0d\xb9\xd0:B\xf4\x07\xa0\x02g\xf4C\xb5\x80\x86\x95\
\x92\xe7\xf74\x041\xb33\xf0\xbb0\x8c\x96\x9amW\
\xe9\x87r~\xc7\x92\xaf_(\x8e\xa8\xf1 H\x92\x82\
/\x1e\x91\x5c_\xfe5\x8d@\x1b\x97\xfc\xb2\xdd\xf6\xbf\
\xe8\x11\xe5\xb3\x10+R\xc7\x94\x94\x91\xf7GA\xed6\
px\x13\xe5\xe4\xd3\xa6\xf3t\xd4\xe0j\xb7\x84\x14\xe2\
\x09\xc6\xfb\x8a\xa4\xc8\x8b\x11\xa5\x9d\x19\x0b0Nz?\
\xe5X\xd2\x84\xedsl\xe40'\xb1\xf5\xaf\x91\xe6\xa4\
V\xce\xc8\xf1t\x9adR;:\xf8\xb9^\x9c~\x0e\
LQ\xc6\xb7\xa1\x94V9\xa4\xba\xd5\xe1\x06\xc8x\x8b\
\xdf\x0fE\x87\x08\x98\xa3z\xce\xaf\xb6\xe9\xb2g\x08\xc1\
\x1a\x01\x1fT\xdd\x85\x0a\xed\xafDd\xda\x1c\x95\x07\x9f\
\x16>\xa2 \x0e\xcfr\xbf\xc4s0}_\xba7\x1d\
\x9c$h>0\xdbpz!\x9b\xa1E\xe5l\xfe\xf1\
\xe4E03!\xeb\x88\xb8\xb0\x1asp\x81\xdbg0\
K\xd3\xf6b\xaf2\x8eP\xc76i\xd1\xff\x9c\xed\xfb\
\x19\xba\xd3\x0e'\x18p\xab\xe7\xd1\xa9\xfab\xd0h\x7f\
\x5c\x1d\x8b\xae\xa7\x09Bu\xb0\xcf\xb6\xb2F\xe7M-\
\x8b*\xe8g8d)\x8c\xa87\x11BR\x5c\xb2\x18\
\x1d\xd8\x1f\xc9l2\xaeO\xab\xc7\xf0Am\xdf\xdbk\
\xb5N\xaf\x0e\xb5\xadiP\xf8\xb8\x92\xaeJ\xc0\xeeT\
+\x80'Qy\xcaWH\xe3B\xea\xc8\x12\xcb\x1b*\
\xa8\xc9N6\x9e\xb8\x92\xc4l\x00\xdbs\x93#\xbb\x96\
;\xb2\xa1\xbe\xe3\x94\xdc\xcbV\xea\xb6u\x83U8\xf9\
S\x0d`\xe9b\x07'}yT\xef\xf9y\xe1\xe0\xc1\
\x1a\x0c\xb7\x5cM\xc0\xdd\x7f3<\xd7.0/\x12\xde\
\xd4\x9fF\xac\xac\x22\xfc\x9fk\xc0\xf3D\xb8\xfa\xd1\x01\
:\x98\xe0l\x8ev\x10I\xe4\x9b\x96\xe7Z=\xc0\xdc\
\xd7_\x12\x8b\xdb\x014\x7f\xe5E3<\x0fp\x19\x0a\
p\xdcc\x80^\x17+\x8b!\xc0\x17j\xf6\xb8\x5c\x02\
P@Y6\x5c\xe0\xd4{\x83\xab\x8a\xca\xa0\x04Jc\
h\x04\xdc\x91\xa8\x97\xc3S\x1e\x02R\xd6\xd5\x0c\x8at\
\xbex\xa8)\x9a\xf7\x1f\x94\x09\xe08\xde\x00\xa8\xf6\xd4\
A]\xcf+E\xde/\xe4\x068\xd0a\x81\xa4\xab\xf0\
\x04\xe0\x0d\xe0^\xaa\xe3\x0d\xfb\x18\x15/=n\x13\xb2\
\xda\xcd,N\xa17\xc2\x98\x93\xec9\xdf\xf1\xc6\x01\x01\
\x89\xd0\x9b`\xbd\x1a\xcb\x16\x00\x95]\xfe\xd4\xc1\x09\xad\
\x88\x19.\xe5\xcaj\xb1\x15\x8a\xca1vD\x1f\x194\
\xae\xc0y;u\x90C@\xa9i8z>bs+\
i.\x02\xcbW\xd0\xe6\x93O\xa1\x9e\xe1\xac\xf9\x8f\x8f\
\x01a\x007,\x09\x07MYO\xaa\x08\xab\x84\x14\xca\
_\x94)\xa8A\x17IXSE]&\x01\x93\x17\xa5\
\xd4\x7fwb\xd2\x1cv'r\xcf]W\x11<)\xad\
gO(\x8eet`\x9bt?4G\xbd\xed\xca\xb5\
\xfc\xdc\x85H\xe6/\xf5\xc3\xd5\x80\xb3\xd6\xb8c\xa5\xa4\
{\x8c\xdd\xe4\xd1\x9e\x94*\x7f\x1bY\x94m\x99_\x9e\
@\xf1\x11fr\xcc\x8c|\xea\xee\x1a\x91\xb7co4\
\xb7\x15RD\x9dG\xdb\x81)\xfcD&\xcb\x8a:\x83\
D#\xce\x8d\xed\xe19\x03\xb6\xd0\xfaz\x0d\x10\x88\xa4\
E\x16#l\xbb#j\x1cNX;\xf7q\x97\xec\x05\
S?\xc8\xd5]E:z\x81\xb7\xda\x0e\xe9xF\x19\
\x06\xad\x10u\xa2g\x8faG\x074\xf9\x01D\xef\xc4\
\xd1\x10m\x9f7\x0e1\xec\x9a\xb9\x0d#,7\x80\x88\
\xaf\x88'\xf2Ma\xf2)\xb2\xa5g\x09\x92\x13\xf62\
D\x06\x8f\xee\x7f\xcf\x11\xb5f>c\xe3\xe5B\xe3?\
\xad\xe4\x0e\xb9B\xd0hge\xda>\xec*\x9c\x80\xd2\
\xe2\x81\xbf&\x9f\x11\x9a'-\xb3UP\xc3\xb2/\x90\
r8\x1f\x16\x92^?\x5c\x09\x00|d\x16\xf6\x91\x8c\
\xf4\xe6`\xe8\x0a\x98\xa3a\xed\xc0\xea\xb8\x17W\xa0\xcb\
\xa1\xfb\xf3\xd7\xc4p3\xcb\xc6\xda:\x94\xba.\x04\xd1\
\xf7\x8f\x04S\xed\x91\xedR\xef\xb9.\xea\xa2\xaa\x9e\xc8\
\x17\xa7\x88\x1f\x01\xd2\xea5\xcf\xb0\x0b\xc6_b\x11\xef\
\xcb\xe1\x00Npc\x9e\xab\xe5\xb1\xe5\xc0ek\xe1\xa0\
qk\xe9\xb1)X\xd8\xb1\x1c\x0fNp\x1a\xc5q\xf4\
\xfa\xddn\x96\xa8\x1a\x06\xect\x19\xeeE\xcb\xb6\x03\xf4\
\xdbcT\x88C\x86\xfc\xfdSn\x95\xe4\xa4\x98\xbb\xf9\
\xce\x0f\xd2\x11\xd2\xe2>\x91\x97v\x18\xd4]d5\x16\
\xd2\xb2\x04\x96m2\x8az2\x83\xe3\x98\x1a\xad\xc0\x92\
D\x09\xa0l&\x15\x88\x9eG\x7f|~\xc77(\xf3\
\x86\xba\xc8\x99\x5c\xa4\xb1j\xd5J\x14\x0c\xa0H\xbf\x80\
\x09\x14\x95\xcf\xd0|\xb87\x02\xba\xb0\xcb\xd5\x9aJ\xd4\
\xbb\x22\xb1\x83v\x8f'\xbc9\xe1\xe9xT)\x1a\x8d\
\x07lWu\x05Xdq\xedp\x96\xcb\xbef\xd1\x9d\
\x178\xbbf\xa9_-\xee\xc2\xac\xca  \xc9\x04-\
\xedS\xb4\xf4f\xb88\x855\xa7\x89\xbd\x17\xc1\xe54\
\x12\x06\xa0\x87\xc9\x1d\xc3\x93\xe5\x0er\x8dr\x8f\xf3\x92\
%\xa2M\xb2\xca\x95\xeb=6\xfb\x1a7]*\x01\xd5\
'\xad\x9e\xa2'D2\x06FRm\xdcG7\x89G\
)\xc1)\xec\xf7r;\xf9\xd7\xc8\xb9h\xc9\x88\x01m\
\x22\xb8j\xe6en\x86\xd6tN-\xc7]\x1ft\x18\
H\x99+\x9a\xbc\xa8H\x86\x12\xcf \xd6\xe6\x09v\xd3\
\xf6\x9f+\xb65q\xb1LLsB\xa1\x8f\x023\xc1\
\x88\xf6\x08\xb2\xb3\xa5\xbcHf\xd8\xb0#\xdc\x9a%\x05\
gL4\xb6\xc3+\xc9\x94\x9a\x15\xd3\xad\x80\xb8\xb7v\
\xb1V\xbe|p\xed\x1d ,\x80\x8b\xfb\x09\xf0GP\
\x0982\xd5p\xb1\x8f\xe1\x15\xe9\xa1i\xe5\xf8\x07\xae\
\xea\xda\x9d0$58\x9a\xec\x16\xda\x0f<\xb2\x0d\xc2\
B\x94\x1d\x04\xde]\xbb?:+\xa7h\xe2\xfc9\x8b\
o/`\xd5}\xa2.r\xea&.\x8a\xb7\xcd\xd2\xa4\
t\xb1\xd2\x10\xbb\xcb\x98\xbcs\x8f\xdbj!\x94P\x99\
t\xa22E\xc1\x0e'g\xd5\x85\x9c\x0d\x9a8\xef\x84\
\x1b|\xf0\xc8\x0c\x9e\xcbD\xd1\x5c\xc5\xb1\xe7\xe0#\x85\
\x11\xfa\x85\x8ckW\xe5\xa6I\xaa\xf4%\x9d b}\
\xbdX\xb4V\xb3\x80\xfa\x18O\xe9\x09+L\x13\xc7q\
\xf0\xd1\xc9\x89\xff,\x8c\x9d\x06$\x8f\x95>\x89\x0a\x0b\
\xa2\xc2bt\xa0)\xd62\x99\xbdJ\xb3\xd6\xafq\x80\
+PT\x1c\x1f[\x17\x86>'\xc3\x18\xd2\xbe\xac\x14\
\xe2\xf3\x1dP\xe2\x96V9\xc11h\xd7\xd2\x1a\x19\xdc\
\xf6\xcd{17\x1bC.\xd9\x94\xcc5\x1d\xba\xe7\xc3\
\xceN\x07\xe6 \xaf\x14\xc3\xff\xae%\x97\x0e\xb7o+\
\x5c\xbe]Hp\x03\xa6\xb5\x8b\xe8\x97\xd8\xe2\x97\x1a.\
\x89\x11WB\xba\xf7\xafr:\xd4\x91\x9e\xd9\xbf[H\
\x18d\x95\xd5\xfaq_b=\xa7\xb5\xa9Z\xc96+\
Pn\xb42W\xc2\xd3\x9b\xc2\xd9d$\x1b\xaf\xb2\x9f\
\xad\xa6\x01\x07\x98\xd2\x84\x01B.\x1eu\xfc\x88\xc4\x1b\
2\x8c\xb6\xed\xb0\x96\xaeeZjuI\x90\xdd\x81\xed\
R\xc6\x04R\x94\x97\x14\x02\xed|s\xee0\x0a\xfb*\
\x0cM\x8d1\xc7$P\x84\xc2\xb0^\xe4\xfdRQ2\
\xc24\x99\x1a\xc1\xb5\xb4\x96%h\xaaP\x03\xcd\xc5\x18\
!\x90\xa1\xf1\xc3_CY\xcc\xde\xc4\x94 Y\xe1L\
\xa3\x12\x02\xc7<\xb4\xe3\xdb\xaf\xf5\x9d4%\x15\xe1Q\
p\x17Bi\xff\x0c\x93;L<<ke)^\x15\
\xce\x8cu\x9c\xfeic\xe4\x9a\x84\x9d\xd2\xfe\x5c\xb4\xbd\
\x8d\xda#\xb5\xdf\xdd\x1b#\xed\x97t\x9a0`'%\
\xd8\xfd\x98x\x16\x0a\x8c\xd7\xd2\xcaZ\x9e\xf9|3\xdb\
PDp9O\xefk(\xbe?\xe4t\xa5\x0e\x95\x8d\
7\x11\x8f\xdd\x99\xbc5{`h\x98)\xc0\x08\xc7\x8f\
\x0e\xda\xd7R,v\xa6\x9f\x83 G\x1d\x88%\xd4W\
q!\xdd\xa0\xfe\xb0\xb62\xe3\x84\xa1\x83\x81\x08i>\
\x9c\x87V\xf4g\xf2y6\x00\xe6\x02f\xa6\x0f\x1d\xde\
seYz\xad\x05\xc5\x1c-\xa4O\xe2\x1b\x5c8\xe1\
\x85\x05\xc4\x09\xc2\xc8N\x95N\xe8\x88x9 \xfb5\
o\xbfa\x8fM\xf6PNn\x81n\xcb\x9d\x98\xbfB\
\x09;\x14\xd4\xd0\x22\xd2\x0d-\x9b\x91\xd1Z2!\xbf\
\xc2E\x90\xef\xa6\x97\x08h\xf4Z\xfd9\x04dz\xd1\
\xb1\xf0\x1a\x97x\xdd\x95kR\x98L\x11\xb6\x9b\xcc=\
\x0c\xa09\xbb\xc3\x1c;\xdf5\xec0\xa1<\xb8Y;\
\x05\x19\xa0*A\x98\x10\xb37>\x1f^\xd9_^\xa9\
a\xae\x0f\x7f\xa0 n\x8dl\xc5\x04\xda\x10\xf0\xad'\
X{\xed\x13\xee\xb0\xf73\xac\xfd,\xb1\xbc\xd1<\x18\
c\x86\xc1\x93O\xa9\x84\xdd\xe3\x8d\x86\xd9\x0c\xaa\xbf\x94\
S\xaa%:tU\xdc\x0eq\x15R8v\xb2\xd9,\
\xa5r\x87\x07@(\x00(jL\x0d\x09\xb8\xde#P\
L\xef\xa8fB\x0b\x19\xd0\xf9JPU\xcduu\xcd\
\x04\xcaJ\xe5!\x13\xf42\x1bU\x99\xa4\x01\x0a\xa2l\
\x0b\x02\xe7\x9f\xfdE\xd5\xa2 @(\x7f\x86\x18\xb0\x82\
\xebm\xf1m\x9dHI\x0ct\xd0\x8a'`\xb0\xcc,\
2\x85\xcc\xd2\xc3\xab\x8f\xd1=\xda\xac#M\x91(\x9a\
\xbb\x9b\xe9\xd51\xed\xf8\xc0\xa8\xbd\xfd1\x12\xca)8\
\xae\x83&\xf5\xb7\xd7\xea\xcc\x22\xf0\xd9\x1c\x92u4\x13\
\xb3v\x01\x05E\x7fE\x95\x95\xae\x8d\xabfS \xc3\
\xcf\x12\x96\xbbi| \x17qQ\xbe\xb0\xd1;\xd9b\
Y\xcf\xd3\x91\xec\xd2\xf0\xb5\x0b\x81\xf46\xe5h\xa8\xd6\
\xfaoF\xae\xa1^\x89J\x94z\x14\xf2\xa0-x@\
(\x90\x0a,\xcc\xd5\xea\x00\x1e\xd5\xc6F9\xbd\xa5\xa0\
\xc0\xa7\xc1O\x03\xb5\x11\xb4\xb2\xb1\xaaRv\x14\xa3\xc1\
\x1d\x895/\xbd,J\x03ne4\xc7H\x13x\xb8\
-\xd1\x029\xfb\xc1\xa2\xd8\xc2NB\xcb\x96\x92\xd6\x12\
\x1c\xe1\xf1\x89Gq\xd8;\x90\xa0\x19xo\x90\xc4\x8c\
\xd6\xc3\x95\xca;m\xdam\xcf<4\x15\x18\x07B\xd0\
Po\xb9{-!\xdd\xb7\xc2P\x92\xdcW\x88b\x0c\
\x99\xe8\xc8\x06\x9a\x89`c\xe8\xf9\xcc1*\xc6b\x82\
}\xda\x14\x0f[O& \x8a\xb4\xc7|\x87\xc4T\xc4\
GK)i;\xdb\xfc\x9fu\x04\x9cgU;\x9fP\
\x9a\x88\xf5v\xd2i\xa3_\xa9B\xcce\xa8n\xa5#\
\xdc\xc0z\xc7<-Q,jxG\x10n\x07\x08\x8a\
\xd2\xc2=p(D+\xa1\x7f\xbaf\xf6B-\xa1$\
L\x8f\xe1\x92a\xd0A\x00 \xba\xb5 8+\xe5\x03\
\xde\x9a\x86@\x86\x9f\xe7\xe9\xed\xab`A\xfa\x1f\xf0[\
\x1fey\xfb\x9d\xde\xb8\x88\x0fSu\xc2\xf0\x03\x8b\x0d\
\xd4\x1eB\xd8\xa2\xc6\xa6\x11_\x0e\xdcJ\x17CA\x18\
HG\x9d\x88\xb4\xd5\x13\xa9\xc8\x80\xff\xe1\x07\xee\x1d@\
@\x13\x92o\xa3\xcc,\xed\xb3\xbd\xe9\x09\x0b\x16=\x09\
~\x14\xdd-\x12M-N\x11\x1d\x05\x8bEq\x22\xb0\
\x0a\x0d\xb6Ve\x03A\x11\x11\x85Q\x85\xe5\x0d6\xfa\
6\xb8,=\x81\x93.\xa9.\x8cPyy\xc8\xddv\
\xa4\xa8dg\xca\x83\x05\xc7\xff\xfc\xbe=\x7f\xacx$\
Y\x09B\xd6\xa9OxKA\xae@8\x1aAw\x9e\
QQ\xf3\x05\xd2t\xec\x93\xa8&~x\xcb\x8f\xde\x0a\
\xf2s\x02g+%\x05Qi\x80\xd9\x92\xa2\xf3\xc6\xd8\
\x1c\x12>8j\x17j\x868\x01\x98\xcaY\x8d\xf6\xf8\
\x82U\xa2\x18\x15\xa3\xd4/\x96F5\x99\xc2..V\
_\x13.\x92;\xb9\x0a\xfbF\x99\x9b_\x02\x86`%\
x{\x8e\xdb\xd4\xb0R\x0ad/\x00\x82\xe7\xf5w\xe2\
\xd4\xe3y4\x00\x11\xa1z\xc61J\xf3\xe9\x09c\x1c\
\xe6\xd7\xe9\xac\xc1(\xb7\xb6\xbe\xd0@\xf6\xea>\xd7\x01\
\x05\xd4\xc98\xcdLmY\x8b\xd9\x8doxW\x7f\x9e\
'9\xdf\xec\x91\xba\x8b\xd4:0\xc8-\xce\x06\xa0\xa1\
=ED\xc1\xef\x9bn\xe2\x14\xff\xa5\xf66\xa7~B\
\x11\xae*\xd08\x03\x9cd\xbe$\x84L\x90\x84\xb5o\
\xe7%\x16\x8cX\xf3\xe0\xd3\x83\x02t\x1b\xc62\x92$\
=\x9a\x02K\x89/}\xf4\xd2\xc6\xf7\x03\xa2\xb8\xd3\x80\
8\x08\x0a\xbb\xb4k/?\xd3\xd4k1\x8cM<\x0b\
XM\xad\xa1\xb0\xd0\x8a\xa2\xd8/\x9b9\xab\x81\xa3\x85\
\x16\x7f\xa2v\x1b\xe1\x0e\xab\x9c\x7f\x8c\xce\x80B\xdfz\
\x00\xb9<\xc2Et\x0cQ\xf1\xa5V\xf5\xc7\xc1\x0f\x83\
\xef6\xbau\x1f\x16\x96\xc5\xfa>\xb4qJP4E\
\x002_U.\xf4\x18\x97\xbe\xa1\x97`O<M^\
\x7fc\x07H\xe0\x17\xc2\xe2\xe2\xb9\xdd|\xc4\x9dx(\
\x9c\x00\xda\xbbq\xb2@\x0dO\xe4,;Dh\xc2?\
\xee\x1b[\xc1\xd2n\x18\x08z\x07\xbf\xf2\xfe\x83\xf1z\
2\xd0 \xa2\x0f\xde\x1dN\x84\xd3\x98\x10\xf0\x07\xf3X\
 >\xd6\xb7\x82\x8bo\xe2t\xc7\xc2\xd2\x8c\x99~\x00\
\xd5|\xcb)\xef\x13\xf65\xb6\xdbU\x99\xcdn\xb8,\
6\xca\x82\xfa\xf9\x09\xc4>>\xa3\xa0\xf6I\x8c:\xa6\
'`]}\x14Lkpsa.\xc5<*\x03\x04\
^\xbb\xa7^R\x8f\x94uL#\x0f\x9b\xfa\xc9\xb9A\
$-\xcd\xea5l\xe6.\x19J\xb2\xbei\xab\x8f<\
% +\x0c\x9d\xefY\xcc\x09f\xd2\x93\x11\x9c]X\
\xbb\xb5|\x9c\xa1\xd8Q\x01\xff\x1d\xe2?\x22\xa4\x18\xd0\
L\x0ew\xe2\x8d\x0c%\x9f\xb0\x85^%\x09\xffd7\
}O5\x04\xa4\x8c\x04\x83\x0dM\xa8\x1dFKqU\
\x9f+\xf0\xc9\xdb\xe8RMC\x8f\xff}\x9f\xf9f\x1f\
@\x0b=\x8b\xa9\x19\xd3\xdd\x0a\x0c\x1a\xfc\x01\
"

qt_resource_name = b"\
\x00\x06\
\x06\xd6j\xc2\
\x00f\
\x00o\x00o\x00t\x00e\x00r\
\x00\x08\
\x0c\xbb\x0b\xc3\
\x00s\
\x00e\x00t\x00t\x00i\x00n\x00g\x00s\
\x00\x0a\
\x0b\x0b\xe1>\
\x00s\
\x00e\x00t\x00t\x00i\x00n\x00g\x00s\x00O\x00n\
\x00\x06\
\x07\x86\xa5\xa5\
\x00q\
\x00r\x00C\x00o\x00d\x00e\
\x00\x06\
\x06\xebz\xc2\
\x00h\
\x00e\x00a\x00d\x00e\x00r\
\x00\x03\
\x00\x00v\xa6\
\x00p\
\x00d\x00f\
\x00\x06\
\x06\x8a\x9c\xb3\
\x00a\
\x00s\x00s\x00e\x00t\x00s\
\x00\x07\
\x06\xa9Z'\
\x00p\
\x00d\x00f\x00.\x00s\x00v\x00g\
\x00\x0a\
\x0a\xc8\x8c'\
\x00h\
\x00e\x00a\x00d\x00e\x00r\x00.\x00s\x00v\x00g\
\x00\x0a\
\x05\xabW\x87\
\x00q\
\x00r\x00C\x00o\x00d\x00e\x00.\x00s\x00v\x00g\
\x00\x0e\
\x01WM\x07\
\x00s\
\x00e\x00t\x00t\x00i\x00n\x00g\x00s\x00O\x00n\x00.\x00s\x00v\x00g\
\x00\x0a\
\x06\x98B'\
\x00r\
\x00e\x00p\x00o\x00r\x00t\x00.\x00s\x00v\x00g\
\x00\x09\
\x00W\xb5\xe7\
\x00p\
\x00r\x00i\x00n\x00t\x00.\x00s\x00v\x00g\
\x00\x0c\
\x0b\xdf,\xc7\
\x00s\
\x00e\x00t\x00t\x00i\x00n\x00g\x00s\x00.\x00s\x00v\x00g\
\x00\x09\
\x09\xbc\xb7\xc7\
\x00p\
\x00a\x00r\x00t\x00y\x00.\x00s\x00v\x00g\
\x00\x09\
\x06\x98\x8e\xa7\
\x00c\
\x00l\x00o\x00s\x00e\x00.\x00s\x00v\x00g\
\x00\x0a\
\x0a\xcb+\x87\
\x00m\
\x00a\x00s\x00t\x00e\x00r\x00.\x00s\x00v\x00g\
\x00\x09\
\x0d\xc5\xb4\x07\
\x00p\
\x00o\x00w\x00e\x00r\x00.\x00s\x00v\x00g\
\x00\x0a\
\x0a\xc8\xf6\x07\
\x00f\
\x00o\x00o\x00t\x00e\x00r\x00.\x00s\x00v\x00g\
"

qt_resource_struct = b"\
\x00\x00\x00\x00\x00\x02\x00\x00\x00\x06\x00\x00\x00\x01\
\x00\x00\x00\x00\x00\x00\x00\x00\
\x00\x00\x00f\x00\x02\x00\x00\x00\x01\x00\x00\x00\x17\
\x00\x00\x00\x00\x00\x00\x00\x00\
\x00\x00\x00\x00\x00\x02\x00\x00\x00\x01\x00\x00\x00\x15\
\x00\x00\x00\x00\x00\x00\x00\x00\
\x00\x00\x00T\x00\x02\x00\x00\x00\x01\x00\x00\x00\x13\
\x00\x00\x00\x00\x00\x00\x00\x00\
\x00\x00\x00B\x00\x02\x00\x00\x00\x01\x00\x00\x00\x11\
\x00\x00\x00\x00\x00\x00\x00\x00\
\x00\x00\x00(\x00\x02\x00\x00\x00\x01\x00\x00\x00\x0f\
\x00\x00\x00\x00\x00\x00\x00\x00\
\x00\x00\x00\x12\x00\x02\x00\x00\x00\x01\x00\x00\x00\x07\
\x00\x00\x00\x00\x00\x00\x00\x00\
\x00\x00\x00r\x00\x02\x00\x00\x00\x07\x00\x00\x00\x08\
\x00\x00\x00\x00\x00\x00\x00\x00\
\x00\x00\x01\x08\x00\x04\x00\x00\x00\x01\x00\x00b\xb6\
\x00\x00\x01\x95\x9eM\x92\xff\
\x00\x00\x00\xee\x00\x00\x00\x00\x00\x01\x00\x00]\xb7\
\x00\x00\x01\x95\x9eMTD\
\x00\x00\x01V\x00\x00\x00\x00\x00\x01\x00\x00}\xba\
\x00\x00\x01\x95\x9eN t\
\x00\x00\x01>\x00\x00\x00\x00\x00\x01\x00\x00x\xbb\
\x00\x00\x01\x95\x9eL\xea\xd3\
\x00\x00\x01n\x00\x00\x00\x00\x00\x01\x00\x00\x82\xd2\
\x00\x00\x01\x95\x9eL\x87\x8e\
\x00\x00\x01 \x00\x00\x00\x00\x00\x01\x00\x00h\xaf\
\x00\x00\x01\x95\x9dd\xf7\xb0\
\x00\x00\x01\x88\x00\x00\x00\x00\x00\x01\x00\x00\x87\xd1\
\x00\x00\x01\x95\x9eNWX\
\x00\x00\x00r\x00\x02\x00\x00\x00\x01\x00\x00\x00\x10\
\x00\x00\x00\x00\x00\x00\x00\x00\
\x00\x00\x00\xcc\x00\x04\x00\x00\x00\x01\x00\x00MD\
\x00\x00\x01\x95\x9d\xd7 \xda\
\x00\x00\x00r\x00\x02\x00\x00\x00\x01\x00\x00\x00\x12\
\x00\x00\x00\x00\x00\x00\x00\x00\
\x00\x00\x00\xb2\x00\x04\x00\x00\x00\x01\x00\x00CG\
\x00\x00\x01\x95\xaf$\x80\xda\
\x00\x00\x00r\x00\x02\x00\x00\x00\x01\x00\x00\x00\x14\
\x00\x00\x00\x00\x00\x00\x00\x00\
\x00\x00\x00\x98\x00\x04\x00\x00\x00\x01\x00\x00\x1c\x09\
\x00\x00\x01\x95\x9d>g\xb2\
\x00\x00\x00r\x00\x02\x00\x00\x00\x01\x00\x00\x00\x16\
\x00\x00\x00\x00\x00\x00\x00\x00\
\x00\x00\x01\xa0\x00\x04\x00\x00\x00\x01\x00\x00\x90\x85\
\x00\x00\x01\x95\x9di\xcfi\
\x00\x00\x00r\x00\x02\x00\x00\x00\x01\x00\x00\x00\x18\
\x00\x00\x00\x00\x00\x00\x00\x00\
\x00\x00\x00\x84\x00\x00\x00\x00\x00\x01\x00\x00\x00\x00\
\x00\x00\x01\x95\xaf#\xdc\xc3\
"

def qInitResources():
    QtCore.qRegisterResourceData(0x03, qt_resource_struct, qt_resource_name, qt_resource_data)

def qCleanupResources():
    QtCore.qUnregisterResourceData(0x03, qt_resource_struct, qt_resource_name, qt_resource_data)

qInitResources()
